:020000040800F2
:10000000B03A00209D01000869350008F12600087B
:10001000D92F00082D1900083D58000800000000E5
:1000200000000000000000000000000005010008C2
:10003000311B00080000000049010008AD53000812
:10004000B7010008B7010008B7010008B7010008B0
:10005000B7010008B7010008B7010008B7010008A0
:10006000B7010008B7010008B7010008B701000890
:10007000B7010008B7010008B7010008B701000880
:10008000B7010008B7010008B7010008B701000870
:10009000B7010008B7010008B7010008B701000860
:1000A000B7010008B7010008B7010008B701000850
:1000B0001D540008B7010008B7010008B701000887
:1000C000B7010008B7010008B7010008B701000830
:1000D000B7010008B7010008D5550008B7010008AE
:1000E000B7010008B7010008B7010008DFF810D019
:1000F00000F0FCFE0048004721730008AFF30080C9
:10010000B03A0020224B19680868B0E8F00F80F37D
:100110000988BFF36F8F4FF0000080F311884EF015
:100120000D0E70470000000006480068006880F36C
:10013000088862B661B6BFF34F8FBFF36F8F00DFE1
:1001400000BF00BF08ED00E0EFF30980BFF36F8F41
:100150000F4B1A6820E9F00F106008B54FF05000FF
:1001600080F31188BFF34F8FBFF36F8F08F0D6FA7B
:100170004FF0000080F31188BDE808401968086856
:10018000B0E8F00F80F30988BFF36F8F704700BFAE
:1001900014010020EFF305807047000006488047F7
:1001A00006480047FEE7FEE7FEE7FEE7FEE7FEE75C
:1001B000FEE7FEE7FEE7FEE7BD530008ED0000089E
:1001C0000649074A0868504343F239021044086060
:1001D0004008704701490860704700007401002022
:1001E0006D4EC64138B5D0E90221491E01EB4101EF
:1001F00002EBC1014268C1EB011102EB810102680F
:10020000C1EB011102EB8102D0E9043101EB4101A4
:1002100003EB81013023A1F5527191FBF3F4174DEB
:100220006C4302EBC41291FBF3F403FB1411009234
:100230001A2902DB124B1A4400920C2291FBF2F3B2
:10024000104C6343009C04EBC313009391FBF2F347
:1002500002FB13110C4A08E0491E40F2A324535C30
:100260006343009C04EBC31300930029F4DC0146B4
:10027000684600F0D7FC009838BD00003F0C0F0026
:100280008051010067C20300E6B8000840EA01039C
:100290009B0703D009E008C9121F08C0042AFAD23C
:1002A00003E011F8013B00F8013B521EF9D2704700
:1002B000D2B201E000F8012B491EFBD270470022A8
:1002C000F6E710B513460A4604461946FFF7F0FF55
:1002D000204610BD30B505462A460B4612F8010BE4
:1002E00013F8014B08B1A042F8D01CB1002802D08D
:1002F0006D1CF1E7284630BD421C10F8011B002997
:10030000FBD1801A704710B5002200E0521C835CBC
:100310008C5CA34201D1002BF8D1D8B2E1B2401AD3
:1003200010BD00000FB400B58DB010A909900B905E
:1003300000914FF0FF300A9000200C900548069085
:10034000054807906A4609A80F9900F0C5FC0DB052
:100350005DF814FBF50C0008130D00082DE9FF5F94
:100360001D464FF0FF3BD5E9014691465F464FF0F1
:100370000008A9697F1C01988847296A8246884736
:100380000028F6D1BAF1FF3F0CD024F4C064002E4F
:1003900019DD600614D5BAF12B0F09D0BAF12D0F73
:1003A0000ED103E0584604B0BDE8F09F44F48064E9
:1003B000A9697F1C01988847761E8246002E02DDBF
:1003C000BAF1300F03D0B9F1000F26D032E0A9699D
:1003D000761E44F400747F1C019888478246002EE4
:1003E00005DDBAF1780F06D0BAF1580F03D0B9F194
:1003F000000F10D01EE0B9F1000F02D0B9F1100FBC
:1004000018D1A969761E24F400747F1C01988847CE
:100410008246102002E0082000E00A20814609E020
:1004200008FB0908A969761E44F400747F1C019832
:1004300088478246002E05DD4946504600F038FCCC
:100440000028EDDAE96901988847A00502D46FF029
:100450000100A8E7E00725D1600613D5600502D5A5
:10046000C8F1000000E0404629680A1D2A600968BA
:10047000220501D5087015E0220701D5088011E09A
:1004800008600FE02868011D29600068210502D579
:1004900080F8008006E0210702D5A0F8008001E086
:1004A000C0F8008038467EE7F0B480EA0102D40F3D
:1004B0004200B2EB410F02D20246084611464A0002
:1004C00042D0C30DDDB2C1F3C752AD1A202D35DACB
:1004D000C1F3160141F4000204B15242C5F12006F5
:1004E00002FA06F12A411044B3EBD05F23D0C4B125
:1004F000012DA0EBC35009DCF0BC4FF0004202EA32
:10050000C352DBB200F5000000F01DBC400000F15A
:10051000807000EBC350A0F1807040EAD1704900B8
:1005200009E0490841EAC071A0EBC35000F50000A2
:10053000400800EBC350F0BC00F0FCBB614201225C
:1005400002EB4101001BF6E7F0BC704781F000416F
:10055000AAE780F00040A7E780EA010210B502F0A8
:100560000043400022D04A001FD0010E01EB12616F
:10057000C0F35600C2F3560240F4000042F40002F9
:10058000A0FB022000047F39140400D0401C50EA74
:10059000124001D44000491EC2B20C0604EBD01038
:1005A000401C4008802A02D003E0002010BD20F04B
:1005B0000100002900DA0020184310BD30B480EAA1
:1005C000010202F0004530F0004221F0004013D05B
:1005D00090B1C30DD40DC2F31601C0F31600E41A96
:1005E00041F4000140F400027D34914201D3641CC7
:1005F00000E04900002C02DA30BC002070474FF4C4
:1006000000000023914201D3891A034340084FEAB6
:100610004101F7D151B1914202D14FF0004105E0C3
:1006200002D24FF0010101E06FF0010103EBC45071
:10063000284430BC00F07EBB2DE9FE4F804681EAA5
:100640000300C00F0C46009021F0004123F000454C
:10065000B8EB0200A94105D24046214690461C460F
:100660000B46024623F00040104347D0270DC7F346
:100670000A00C3F30A510290401A019040286BDA35
:10068000C3F3130040F4801B0098924620B100236E
:10069000D2EB030A63EB0B0B01985946C0F1400201
:1006A000504600F088FA06460D4650465946019AD3
:1006B00000F0A0FA10EB08006141002487EA115213
:1006C00084EAE7731A4340D0009A62B3019A012A80
:1006D0004FEA075215DC001B61EB02014FF00042AC
:1006E00002EA0752CDE90042001C41F58011324672
:1006F0002B4600F094FB03B0BDE8F08F4046214646
:10070000F9E7001B61EB0201001C41F580130018A2
:100710005B412018A2F5001747EB030140EAD570B2
:10072000B6196D4111E06D084FEA360645EAC0750D
:100730004FEA0752001B61EB0201001C41F58011DA
:1007400049084FEA30000019514132462B4603B0A8
:10075000BDE8F04F00F054BB009801224000002398
:10076000D0EB020263EBE073009821464FEAE0749D
:10077000B8EB000061EB0401E9E783F000435BE7BD
:1007800081F0004158E72DE9FE4F81EA030404F0AF
:10079000004421F0004100944FF0000B23F000438F
:1007A00050EA01045ED052EA03045BD0C3F30A545A
:1007B000C1F30A552C44A4F2F3340194A0FB025473
:1007C000C1F3130141F48011C3F3130343F4801305
:1007D00001FB024400FB034E840A970A44EA815459
:1007E00047EA8357A4FB076802958D0A05FB078536
:1007F0004FEA932C04FB0C542705029D4FEA065840
:1008000047EA1637B5EB08056EEB070C870E920E1C
:1008100047EA811742EA8312A7FB0201B6EB0B01FC
:1008200064EB00042B0D43EA0C335E1844EB1C50C0
:10083000DA465146E7FB0201C5F313044FEA0B33D6
:1008400043EA14534FEA0432019C43EA0603A4F13D
:100850000C040294009CCDE900B400F0E0FA03B06F
:10086000BDE8F08F00200146F9E72DE9F04D81EA5F
:10087000030404F0004B21F0004514464FF0000A39
:1008800023F0004150EA050220D054EA01021DD0B5
:10089000C5F30A570246C5F31303C1F31300C1F3AE
:1008A0000A5640F4801543F48013A7EB0608101B8A
:1008B000D64608F2FD3873EB050002D308F10108B3
:1008C00001E092185B41B8F1000F03DA0020014605
:1008D000BDE8F08D00204FF48011064684460EE0FE
:1008E000171B73EB050705D3121B63EB05030643C8
:1008F0004CEA010C49084FEA300092185B4150EA7B
:100900000107EDD152EA030012D082EA040083EA23
:100910000501084305D0101BAB4106D2012200237C
:1009200006E000224FF0004302E06FF00102531096
:100930001AEB06004CEB085110EB0A0041EB0B01DF
:10094000BDE8F04D00F05CBAC10F80EAE0700844E9
:10095000CA079623002100F0F6B99623002211461B
:1009600000F0F1B90EB5C10F80EAE0700844CA0783
:10097000002140F233438DE80E000A460B4600F09A
:100980004EFA03B000BD0EB540F233410291002192
:10099000CDE900110A460B4600F041FA03B000BD54
:1009A00000F0004220F00040C10DC0F3160040F4FA
:1009B00000007F2901DA00207047962903DCC1F18D
:1009C0009601C84001E096398840002AF4D04042A0
:1009D000704770B5C1F30A5201F000450024C1F31D
:1009E000130140F2FF3341F480119A4201DA0020F2
:1009F00070BD40F233439A42A2F2334203DC5242CA
:100A000000F0E8F800E090402C43F1D0404270BD87
:100A1000C1F30A5210B5C1F3130140F2FF3341F4A0
:100A200080119A4201DA002010BD40F233439A420D
:100A3000A2F2334203DC524200F0CCF810BD9040E9
:100A400010BD00F0004230F000400AD0C10D01F5A9
:100A50006071C0F3160042EA0151C2084007114319
:100A6000704700200146704730B5041E71F1000444
:100A700004DB4FF00044404264EB0101141E73F1AB
:100A8000000405DB1C464FF00043524263EB0403B5
:100A90008B4208BF824230BD30B5041E71F10004A4
:100AA00004DB4FF00044404264EB0101141E73F17B
:100AB000000405DB1C464FF00043524263EB040385
:100AC000994208BF904230BD01F0004330B421F09C
:100AD000004150EA010206D00A0DA2F56072C1F38E
:100AE0001301002A02DC30BC00207047440F44EAA6
:100AF000C104C100E01830BC00EBC25000F01AB9CC
:100B0000002801DBC0F10040002901DBC1F10041F8
:100B100081427047002801DBC0F10040002901DB61
:100B2000C1F100418842704730B50B4601460020B4
:100B30002022012409E021FA02F59D4205D303FA9F
:100B400002F5491B04FA02F52844151EA2F1010220
:100B5000F1DC30BD2DE9F05F0546002092469B4652
:100B600088460646814640241BE0284641464746C3
:100B7000224600F02FF853465A46C01A914110D32E
:100B800011461846224600F016F82D1A67EB0108A8
:100B90004F4622460120002100F00DF817EB000916
:100BA0004E41201EA4F10104DFDC484631462A46AE
:100BB0004346BDE8F09F202A04DB203A00FA02F108
:100BC000002070479140C2F1200320FA03F319433B
:100BD00090407047202A04DB203A21FA02F00021DD
:100BE000704721FA02F3D040C2F12002914008433D
:100BF00019467047202A06DBCB17203A41FA02F04B
:100C000043EAE07306E041FA02F3D040C2F1200269
:100C10009140084319467047014900F003B80000AD
:100C20008036002010B500683C22B0FBF2F302FBD6
:100C30001303B0FBF2F00B60B0FBF2F302FB130303
:100C4000B0FBF2F018224B60B0FBF2F302FB13038F
:100C5000B0FBF2F0021D8B600723B2FBF3F403FB41
:100C60001422800040F2B55300F66C308A61B0FB6C
:100C7000F3F2B0FBF3F403FB1400443280084A6142
:100C8000C8613B2802D3920700D0401C0022074CC9
:100C900013460A61E25C824203D8801A5B1C0B6136
:100CA000F8E7401CC860084610BD000018BA0008EC
:100CB0003A2800D2303820F02002412A01D3A2F194
:100CC0003700884201D34FF0FF307047026811446B
:100CD0001378016018467047D16004495161044996
:100CE000116200211161114600F018B9CD0C000805
:100CF000110F0008426842B1016811F8013B23B1AD
:100D0000521EC0E90012184670470121C160881EBA
:100D1000704742685AB1C368016843B983688B421F
:100D200005D0491E521CC0E90012002070474FF048
:100D3000FF3070470029A8BF7047401C490008BF1A
:100D400020F00100704710B4B0FA80FC00FA0CF0FB
:100D500050EA010404BF10BC704749B1CCF1200433
:100D600021FA04F411FA0CF118BF012121430843C0
:100D7000A3EB0C01CB1D4FEA00614FEA102042BFEC
:100D8000002010BC704700EBC35010440029A4BFE2
:100D900010BC7047401C490008BF20F0010010BC87
:100DA0007047F0B4002802DCF0BC00207047C0F3AC
:100DB000C751C0F3160040F40000CA0701D140003B
:100DC000491E3F2202EB6105002211464FF4000646
:100DD00026FA01F31344D418844201D8001B1A46A2
:100DE0004000491C1729F3DD5100814202D24FF027
:100DF000FF3100E0002102EBC550F0BCFFF79ABFC5
:100E000010B5141E73F1000408DA401C41F1000112
:100E100092185B411A4301D120F0010010BD2DE969
:100E2000F04D92469B4611B1B1FA81F202E0B0FA60
:100E300080F220329046FFF7BEFE04460F4640EA9D
:100E40000A0041EA0B0153465A46084313D01146A3
:100E500053EA010019D0C8F140025046FFF7BAFE2C
:100E600005460E46504659464246FFF7A4FE084343
:100E700005D0012004E020463946BDE8F08D002071
:100E8000054346EAE0762C4337430A986305E40AB3
:100E9000A0EB08000022FD0A44EA47540A3002D5BC
:100EA00000200146E9E7010510196941DDE908451F
:100EB00000196941BDE8F04DA2E7C1F30A52C1F340
:100EC000130140F2FF3341F480119A4202DA00200C
:100ED0000146704740F233439A42A2F2334202DCA9
:100EE0005242FFF777BEFFF766BE0000064C074D83
:100EF00006E0E06840F0010394E8070098471034EA
:100F0000AC42F6D3FFF7F6F820BB000840BB000860
:100F1000C0B24FF4F05100F0BDB900002DE9F34F1D
:100F20008BB04FF0000801F10C000C464FF0010BA4
:100F300046460DF1080A0190626901210198904727
:100F4000051E2DD0252D2CD0216A8847C0B162699D
:100F5000012101989047216A88470028F7D1411E56
:100F600062690198904700E0761CA1690B98884758
:100F7000216A88470028F7D1E1690B988847DBE7A9
:100F8000A1690B9888470746A84201D1761CD3E790
:100F9000E1690B9888477F1C02D1B8F1000F6FD030
:100FA00047E1002762693D463946019890472A2863
:100FB00004D162690121019890470125DFF88892E8
:100FC0006269012101989047A0F130010A290AD2F3
:100FD0004F45E5DC07EB870100EB4107303FDFD4ED
:100FE00045F01005ECE7E90601D46FF000476C28E6
:100FF0000AD04C2814D0682815D06A280DD074283F
:101000001CD07A281AD01DE062690121019890470E
:101010006C2802D045F0040514E045F002050DE00F
:1010200045F020050AE0626901210198904768288F
:1010300002D045F0080505E045F40065626901212C
:1010400001989047C4E9015765283DD019DC58281C
:101050007AD00CDC452837D004DC252826D041285E
:1010600031D131E046282FD047282CD12CE05B2805
:1010700077D0612828D063287CD0642823D15AE017
:10108000D1E06F2848D008DC66281DD067281BD027
:10109000692821D06E2816D127E0702845D0732802
:1010A00068D0752847D078280DD14DE0A1690B98FC
:1010B0008847054625283FF469AFE1690B988847C2
:1010C0006D1C3FF46AAFB4E023466A466FF001003E
:1010D0000B99AFF300809FE045F040006060A807E7
:1010E00023464FF0000236D43EE0E8077FF447AFD6
:1010F0002068011D21600068290501D506701BE7E5
:10110000290701D5068017E7A90703D5F117C0E91C
:10111000006111E706600FE745F040006060A80736
:1011200023464FF0080216D41EE040F60E0125EAD1
:101130000100606016E045F040006060A8072346AB
:101140004FF00A0207D40FE045F040006060A807A6
:1011500008D5234610226FF001000B99AFF30080F1
:101160005AE007E0234610226FF001000B99FFF7C9
:10117000F5F851E04FF000094F464B46632802D086
:101180005B2807D041E02079C00601D40120A0608F
:1011900001273AE062690121019890475E2805D154
:1011A0004FF001096269494601989047216939B9B0
:1011B00000210A46534643F82120491C0829FADB3E
:1011C000B0B3216969B9C11700EBD16253110AEBC1
:1011D000830122F01F02821A01200B689040034312
:1011E0000B6062690121019890475D28E8D1B9F14F
:1011F000000F09D00020514651F82020D24341F879
:101200002020401C0828F7DB02AB224600976FF035
:1012100001000B99AFF3008000280CDA401C08D1C4
:10122000BBF1000F05D04FF0FF300DB0BDE8F08FDF
:10123000FFE74046F9E7E90701D108F10108064454
:101240004FF0000B78E60000CCCCCC0C420005D06F
:10125000C0F3C7525242914201DC0020704700EBBC
:10126000C150704770B521F0004303430CD0C1F367
:101270000A550024D5EB040564EB0403D617AD1A18
:10128000B34102DB0020014670BD201841EB025142
:1012900070BD00007F2801D9002208E0064A02EB59
:1012A0005002C007127800D1120902F00F0201208B
:1012B000904008407047000024BA000870B58C18B0
:1012C00010F8015B15F0070301D110F8013B2A115A
:1012D00006D110F8012B03E010F8016B01F8016B47
:1012E0005B1EF9D12B0705D40023521E0DD401F843
:1012F000013BFAE710F8013BCB1A921C03E013F80C
:10130000015B01F8015B521EF9D5A142D8D3002040
:1013100070BD21B1826842F00102826003E0826800
:1013200022F0010282607047014600208A6802F0C4
:1013300004020AB1012000E0002070470146C86C99
:1013400080B27047014600208A6802F008020AB1A4
:10135000012000E00020704730B502460020002345
:1013600050680F4C20400D790C6844EA0524204356
:10137000506090680B4C2040D1E902542C434D79C9
:1013800044EA450420439060D06A20F470000C7C4D
:10139000641EE4B2234340EA0350D06230BD000033
:1013A000FFFEF0FFFDF7F1FFF0B504460D4600200B
:1013B0000021092D11DDE068A5F10A0606EB4607BC
:1013C000072606FA07F18843A5F10A0606EB46064A
:1013D00003FA06F10843E0600CE0206905EB4507DD
:1013E000072606FA07F1884305EB450603FA06F1DE
:1013F00008432061072A0FDA606B561E06EB86074A
:101400001F2606FA07F18843561E06EB860605FAE4
:1014100006F10843606322E00D2A0FDA206BD61F25
:1014200006EB86071F2606FA07F18843D61F06EB50
:10143000860605FA06F10843206310E0E06AA2F18F
:101440000D0606EB86071F2606FA07F18843A2F170
:101450000D0606EB860605FA06F10843E062F0BDCC
:10146000816841F008018160704721B1826842F4CF
:10147000A002826003E0826822F4A00282607047CA
:10148000816841F0040181607047000010B5024896
:10149000FFF754FF10BD00000024014000B587B0E5
:1014A0000121480202F01EFF0121042002F01AFF70
:1014B0004FF4004002F0DAFE00208DF81B000120FE
:1014C000ADF8180003208DF81A0006A91B4800F09B
:1014D000C5FF0523012200211948FFF765FF002001
:1014E000019004904FF46020039001208DF80900D2
:1014F00000208DF8080001208DF8140001A9104883
:10150000FFF72AFF01210E48FFF703FF0C48FFF702
:10151000A7FF00BF0A48FFF715FF0128FAD00848C7
:10152000FFF7AEFF00BF0648FFF7FEFE0128FAD026
:1015300001210348FFF799FF07B000BD00080140F3
:101540000024014070B506460D4606B10DB90120D4
:1015500070BD00214FF4003000F0B4F908B1012053
:10156000F6E70121204801F0C5F801211E4801F0ED
:101570000BF91E4800F090F918B100F063F9012052
:10158000E6E701227021184801F0AEF91748401C27
:1015900000F082F918B100F055F90120D8E70024D5
:1015A0001AE0681EC0B2A04207D100210E4801F027
:1015B000A1F801210C4801F0F3F801210C4800F0DA
:1015C00081F918B100F03EF90120C1E7064801F0A9
:1015D00087F93055601CC4B2AC42E2DB01210248FD
:1015E00001F088F80020B3E7005800400100030034
:1015F0004000001070B505460E4600214FF4003043
:1016000000F060F908B1012070BD0121174801F018
:10161000BBF8174800F040F918B100F013F90120A9
:10162000F2E700227021114801F05EF9114800F044
:1016300033F918B100F006F90120E5E700240EE0C7
:10164000295D0A4801F059F90A48801C00F024F984
:1016500018B100F0F7F80120D6E7601CC4B2B4421C
:10166000EEDB00F0EFF80020CEE70000005800406D
:10167000010003008200070000B587B00020019040
:101680002EA0006800900121082002F02BFE01210D
:10169000880502F007FE1C208DF81B004FF4406007
:1016A000ADF8180003208DF81A0006A9244800F0B0
:1016B000D5FE244801F04CF80121224801F01FF921
:1016C0000021204801F01BF90020ADF80C004BF67A
:1016D000FF70ADF80E000020ADF810004FF48060F0
:1016E000ADF812000001ADF814001748029002A9ED
:1016F000144801F07FF80121124801F01CF828205D
:1017000000F017FA012101A8FFF71CFF60B99DF84E
:10171000040000F0080070B903216846FFF76AFF73
:101720000A2000F006FA06E003216846FFF762FF90
:101730000A2000F0FEF907B000BD0000BE0800005E
:10174000000C014000580040A086010008B500BF11
:10175000002269461548006807F018FB01280FD1E0
:101760009DF8000003280BD1192007F06DF828B16F
:1017700001F0B2FF02F014FD07F058F8002008BD98
:10178000192007F061F868B101F0A6FF03F0EAF84C
:1017900010231A460021084602F040FB02F000FD2B
:1017A00007F044F8322006F05DFED1E7E0000020AB
:1017B000FEB504460D4622A00068009004B10DB9A4
:1017C0000120FEBD03216846FFF714FF08B1012088
:1017D000F7E7502000F0ADF9062101A8FFF7B2FEAF
:1017E00008B10120EDE79DF8040000F0800008B189
:1017F0000120E6E79DF8050000039DF8061040EA89
:1018000001109DF8071040EA11174FF47A707843E1
:10181000000D28809DF807000007000B9DF80810B8
:1018200040EA01209DF8091040EA01074FF4FA60F0
:1018300078434FF4FA71C1EB105626800020C0E7C0
:10184000AC33000010B50121034800F0A9FF0121CD
:10185000014800F04FFF10BD005800401CB569461C
:1018600001A8FFF7A5FF20B100200849087001205A
:101870001CBDBDF9040006490880BDF800000549FB
:1018800008800120014908700020F1E7D400002001
:10189000D0000020D200002070B50446074D05E0BE
:1018A000281EA5F1010501D1012070BD2146044883
:1018B00000F02CFF0128F3D10020F6E7A0860100FC
:1018C0000058004070B504460D46084E05E0301E35
:1018D000A6F1010601D1012070BD2146044800F0A7
:1018E0006BFFA842F3D10020F6E70000A0860100BC
:1018F0000058004008B501460020009003480090C1
:101900000098084400900098008808BD006C0040D2
:1019100008B500220092044A0092009A0244009204
:10192000009A116008BD0000006C004000BFFEE797
:1019300070B504460D46012D07D10A4850F8240021
:10194000401C084941F8240006E0064850F82400ED
:10195000401E044941F82400204601F061FE01F0D8
:10196000DDFD70BD1400002000F0805111B103496D
:10197000086001E00249486070470000040402402A
:101980000000024021B1026842F00102026004E05E
:1019900002684FF6FE731A400260704701684FF606
:1019A000FE72114001600021016041608160C160F0
:1019B0004B49884208D14A490839496841F00F012A
:1019C000474A083A51608AE045491431884208D1B3
:1019D00043490839496841F0F001414A083A5160E9
:1019E0007DE03F492831884208D13D49083949689E
:1019F00041F470613A4A083A516070E038493C312C
:101A0000884208D136490839496841F47041344A5E
:101A1000083A516063E032495031884208D1304978
:101A20000839496841F470212D4A083A516056E05E
:101A30002B496431884208D129490839496841F461
:101A40007001274A083A516049E0254978318842B7
:101A500008D123490839496841F07061204A083AA1
:101A600051603CE01F49884206D1011F096841F0DE
:101A70000F01021F116032E01A491431884208D167
:101A80001849091F096841F0F001164A121F116038
:101A900025E014492831884208D11249091F0968F4
:101AA00041F470610F4A121F116018E00D493C317A
:101AB000884208D10B49091F096841F47041094A5D
:101AC000121F11600BE007495031884207D10549C8
:101AD000091F096841F47021024A121F1160704702
:101AE00008000240080402400146486880B270477E
:101AF00010B50022026847F6F0739A430C6A8B68AF
:101B000023430C6923434C6923438C692343CC69E9
:101B100023434C6A23438C6A23431A430260CB68F5
:101B200043600B6883604B68C36010BD41607047C1
:101B3000704770B5044607F025FB01280CD0FA2049
:101B400060434FF47A71B0FBF1F50DB904B1012592
:101B5000284606F087FC70BD03E04FF47A7000F071
:101B600012F8201EA4F10104F7D100BFF3E710B56D
:101B7000044603E04FF47A70FFF7DBFF201EA4F168
:101B80000104F7D110BD08B509E00021009103E080
:101B900000BF0099491C009100990929F8D3011E42
:101BA000A0F10100F1D108BD38B500BF002269469F
:101BB0001648006807F0EAF8012805D19DF80000F2
:101BC000012801D112490870192006F03DFE78B1B4
:101BD00001F082FD03F06CFA03F0C8F902F04CFF4B
:101BE00003F072F803F082F802F0DAFA06F01EFE53
:101BF0000849094805F05AFB0446012C01D1002090
:101C000038BD0C2006F02EFCD0E70000E0000020DC
:101C1000C5000020C0000020C900002000200449A9
:101C20000870044908700449088004490860704736
:101C3000C8000020BF000020BC000020B800002029
:101C40002F480078401C2E4908702E480078401C10
:101C50002C4908702C480078401C2B4908702848F3
:101C60000078642807DB00202549087027480068B1
:101C7000401C264908602348007814281ADB0020FD
:101C80002049087022480088401C214908802148CA
:101C90000078401C1F4908701D480088FF2802DD9D
:101CA00000201B4908801B480078902802DB002098
:101CB000184908701448007832280DDB00201249BA
:101CC000087015480078401C1349087008460078D1
:101CD000C82801DB002008701048007801280DD1C9
:101CE0000F480088401C0E49088008460088B0F55F
:101CF0007A7F03DB002008800849087070470000E5
:101D0000CD000020CE000020CF000020B800002031
:101D1000BC000020BF000020C4000020C50000203F
:101D2000C600002010B50446192006F08DFD70B3E2
:101D300001F0D2FC03F0CAF9012C06D0022C0BD022
:101D4000032C10D0042C1CD114E010231A460021BF
:101D5000084602F063F815E010231A4619460020E1
:101D600002F05CF80EE010231A462021002002F059
:101D700055F807E010231A463021002002F04EF8F3
:101D800000E000BF00BF02F00BFA06F04FFD10BDEF
:101D900010B50446192006F057FD28B301F09CFC4D
:101DA00003F094F9022C04D0032C09D0042C15D193
:101DB0000DE0102320221946182002F02FF80EE023
:101DC00010231A462021182002F028F807E01023DB
:101DD0001A463021182002F021F800E000BF00BFB1
:101DE00002F0DEF906F022FD10BD10B50446192000
:101DF00006F02AFD28B301F06FFC03F09DF9052CD5
:101E000004D0062C09D0072C15D10DE010231A465A
:101E10000021084602F002F80EE010231A46194687
:101E2000002001F0FBFF07E010231A4620210020CC
:101E300001F0F4FF00E000BF00BF02F0B1F906F0CE
:101E4000F5FC10BD10B50446192006F0FDFC28B3C2
:101E500001F042FC03F070F9052C04D0062C09D0E7
:101E6000072C15D10DE010231A460021182001F08F
:101E7000D5FF0EE010231A461946182001F0CEFFB8
:101E800007E010231A462021182001F0C7FF00E0C8
:101E900000BF00BF02F084F906F0C8FC10BD0000CE
:101EA00010B5262001F062FB002007490880074991
:101EB0000870074908704FF400710648FEF7FFF9F3
:101EC000262001F05FFB10BDD6000020D8000020C6
:101ED000D90000208007002010B500210848FFF736
:101EE00051FD4FF400710648FFF720FE4FF47000DB
:101EF000FFF73AFD01210248FFF744FD10BD000045
:101F00006C00024000B58BB00121084602F0BAF91E
:101F100000211548FFF736FD1348FFF73FFD134832
:101F2000009013480190002002904FF4007003903D
:101F300000200490802005900020069007900890D3
:101F40004FF40050099000200A9069460648FFF7B8
:101F5000CFFD4FF47000FFF707FD01210248FFF7A6
:101F600011FD0BB000BD00006C00024004440040B5
:101F70008005002010B500200A4908800A49087031
:101F80000A4908704FF400710948FEF798F94FF4B8
:101F900000710848FEF793F900F0CCF8FFF7B2FFA4
:101FA00010BD0000D6000020D8000020D90000207D
:101FB00080050020800700202DE9F04107460C46EF
:101FC00015460FB105B114B90020BDE8F0810F48E6
:101FD000007810B900202880F7E7262001F0C6FA23
:101FE0000B480688A64200DD264632460949384697
:101FF000FEF74CF92E80002005490880034908703F
:10200000262001F0BFFA0120DFE70000D800002001
:10201000D60000208007002070B505460E4600243B
:102020000CE0295D0A4803F005FC00BF8021084848
:1020300003F038FB0028F9D0601C84B2B442F0DB16
:1020400000BF4021024803F02DFB0028F9D070BDED
:102050000044004070B505460C461646FFF720FFC9
:10206000294607A003F0BEFF284600F011F80CB97E
:10207000012070BD3146204600F0B6F8F9E70000B7
:1020800045535033322054583A2025730000000045
:1020900070B504462046FEF72FF985B22946204642
:1020A000FFF7BAFF70BD000038B540F224411A486E
:1020B00003F005FB78B31848008800901648001D0F
:1020C00000880090BDF8000000211448FFF75AFC7A
:1020D0001248FFF709FDC0F5007084B2002C18DD2E
:1020E0000F48007890B9B4F5007F04DD4FF4007418
:1020F00001200C49087022460B490C48FEF7C6F82F
:102100000B48048001200649087002E001200549BF
:102110000870FFF7E1FE38BD004400406C0002404B
:10212000D8000020D9000020800500208007002072
:10213000D600002000B587B00121052002F0D2F8BA
:102140000121480402F0AEF80420ADF81800182070
:102150008DF81B0003208DF81A0006A9204800F016
:102160007DF90820ADF8180048208DF81B0006A95D
:102170001B4800F073F91B4803F046FA4FF4E130B6
:1021800002900020ADF80C00ADF80E00ADF8100084
:10219000ADF814000C20ADF8120002A9114803F0AC
:1021A000DDFA012240F224410E4803F0B2FA012286
:1021B00040210C4803F01EFA26208DF8040001206F
:1021C0008DF805008DF806008DF8070001A801F0D4
:1021D000E5F90121034803F001FA07B000BD000052
:1021E00000080140004400402DE9F041ADF5027DBA
:1021F00005460F460024A0464FF440712748FEF7DD
:102200005EF846E001AA4FF4007102A8FFF7D4FE81
:10221000002839D002AABDF8041021A003F0E2FE84
:1022200040F2FF20844213D2BDF80460001BB0428C
:1022300003D240F2FF20001B86B21849081932462B
:1022400002A9FEF723F8A01984B20020134908550B
:102250004DB129461148FEF73DF820B101200DF59A
:10226000027DBDE8F08113A10C48FEF733F848B9B0
:1022700012A10A48FEF72EF820B912A10748FEF76E
:1022800029F808B10020EAE70A20FFF752FC08F11C
:102290000A08B845B6D30020E1E700008009002015
:1022A00045535033322052583A20252E2A730D0AB6
:1022B000000000004552524F520000004641494C78
:1022C00000000000627573790000000010B524E082
:1022D00000F038F858B1192006F0B6FA28B101F02C
:1022E000FBF901F05DFF06F0A1FA002010BD1920F6
:1022F00006F0AAFA70B102F075FD38B101F0ECF900
:1023000001F04EFF06F092FA0020EFE701F048FFDF
:1023100006F08CFA052006F0A5F8D9E770B504465A
:1023200000250AE000F00EF808B1012070BD05207C
:1023300006F098F805F1140085B2A542F2DB002002
:10234000F4E7000008B5002269460848006806F076
:102350001DFD012807D19DF80000032801D10120AF
:1023600008BD0020FCE70020FAE70000E0000020A4
:1023700008B500BF002269463548006806F006FD32
:1023800001283DD19DF8000001280BD1314800689B
:10239000401E3049086008460068002830DC0220F2
:1023A00008602DE09DF8000002280BD12948006844
:1023B000401C2849086008460068032820DB0120EB
:1023C00008601DE09DF8000003280CD1192006F0DC
:1023D0003BFA28B101F080F901F0E2FE06F026FA9E
:1023E0001C48006808BD9DF80000042808D1C102FF
:1023F000194800F0C7F84FF48051174800F0C4F8AE
:10240000192006F021FAF8B112480068012802D01C
:10241000022816D10AE002F00FFC102320223021FE
:10242000002001F0FBFC01F0BBFE0AE002F004FC1E
:10243000102320223021602001F0F0FC01F0B0FEDA
:1024400000BF00BF06F0F2F90C2006F00BF891E790
:10245000E00000205C000020000C01402DE9F0416C
:10246000024600250026002000230024002791F8C2
:1024700003C00CF00F0591F803C00CF0100CBCF178
:10248000000F03D091F802C04CEA050591F800C096
:10249000BCF1000F31D0146800202BE04FF0010C8C
:1024A0000CFA00F3B1F800C00CEA03069E4220D1FA
:1024B00083004FF00F0C0CFA03F7BC4305FA03FC42
:1024C0004CEA040491F803C0BCF1280F06D14FF088
:1024D000010C0CFA00FCC2F814C00AE091F803C029
:1024E000BCF1480F05D14FF0010C0CFA00FCC2F80A
:1024F00010C0401C0828D1D31460B1F800C0BCF152
:10250000FF0F34DD546800202EE000F1080C4FF07E
:10251000010808FA0CF3B1F800C00CEA03069E4269
:1025200021D183004FF00F0C0CFA03F7BC4305FADE
:1025300003FC4CEA040491F803C0BCF1280F05D158
:1025400000F1080C08FA0CF8C2F8148091F803C0E6
:10255000BCF1480F07D100F1080C4FF0010808FA50
:102560000CF8C2F81080401C0828CED35460BDE897
:10257000F0810246002093680B400BB1012000E07F
:102580000020704741617047016170470AB10161E5
:1025900000E041617047000008B500BF19223B49C7
:1025A0003B48006806F0F2FB01280DD1374800785F
:1025B000012801D1002008BD34480078022803D149
:1025C000FFF72CFBFFF7F0FA00226946314800685C
:1025D00006F0DCFB012834D19DF8000001280BD166
:1025E0002A480078401E29490870084600780028CB
:1025F00027DC0220087024E09DF8000002280BD19F
:1026000022480078401C21490870084600780328B9
:1026100017DB0120087014E09DF80000032810D19A
:10262000192006F011F928B101F056F801F0B8FDB3
:1026300006F0FCF80023192214491548006806F03A
:1026400055FA192006F000F9D8B102F051FC0F48F4
:102650000078012802D002280ED106E010231A4685
:102660000021084601F0DAFB06E01023502219464B
:10267000002001F0D3FB00BF00BF01F091FD06F088
:10268000D5F80C2005F0EEFE88E70000A40000203D
:10269000E4000020E000002008B526E000226946A2
:1026A0001248006806F072FB01280FD19DF8000067
:1026B00003280BD1192006F0C7F828B101F00CF857
:1026C00001F06EFD06F0B2F8002008BD192006F0FA
:1026D000BBF838B101F000F802F022FC01F060FD17
:1026E00006F0A4F8062005F0BDFED7E7E0000020C4
:1026F00000BFFEE721B1028842F48062028004E05C
:1027000002884FF6FF331A400280704770B50246C8
:102710000024002500230020958A138B1B0445EA22
:10272000030626F07F4404EA01068E4201D101200F
:1027300000E0002070BD21B1028842F00102028059
:1027400004E002884FF6FE731A40028070470000D2
:1027500010B504460B48844209D10121480501F017
:10276000B1FD00214FF4001001F0ACFD08E00121A3
:10277000880501F0A7FD00214FF4800001F0A2FDC3
:1027800010BD00000054004021B1028842F4807264
:10279000028004E002884FF6FF631A40028070470F
:1027A00021B1028842F40072028004E002884FF6F0
:1027B000FF531A40028070470CB5024600200023E8
:1027C0000193009300920B0F019321F07F41019B35
:1027D0001BB1009B1433009303E0090C009B1833DA
:1027E0000093009B1B680B400BB1012000E0002010
:1027F0000CBD00002DE9F04385B004460D460026CF
:10280000B1460427DFF8CC80A6884FF6C07006409A
:10281000684601F087FDDDF808802F48B8FBF0F02E
:102820001FFA80F946EA0906A68020884FF6FE7155
:102830000840208000262949286888420CD828684A
:102840004000B8FBF0F087B2042F00DA04273E43C3
:1028500009F10100208427E0E8884BF6FF718842E7
:1028600006D1286800EB4000B8FBF0F087B209E021
:10287000286800EBC00101EB0010B8FBF0F087B254
:1028800047F48047C7F30B0008B947F0010747F446
:10289000004006434FF4967009FB00F04FF47A7144
:1028A00090FBF1F0401C2084A683208840F00100BA
:1028B000208026884FF6F5300640A88869890843AD
:1028C00006432680A88929890843208105B0BDE8F0
:1028D000F083000000127A0040420F00A086010041
:1028E0000146088AC0B2704712B141F0010102E00E
:1028F0004FF6FE731940018270470182704721B183
:10290000028842F40042028003E00288C2F30E0211
:102910000280704710B510211048FFF72AFEC8B991
:102920000F4800884EF66021884204DA0C4800887F
:10293000401C0B4908800A480088B0F57A7F0CDB00
:102940000848007848B90420074908700120054963
:10295000087002E000200249088010BD0008014014
:10296000AE000020B0000020AC00002072B6034989
:1029700008780021014A117062B67047AC0000204F
:1029800010B502210A48FFF7F4FD08B9012010BD77
:1029900040210848FFF7EDFD08B90220F7E71021B4
:1029A0000448FFF7E6FD08B90320F0E70020EEE752
:1029B000000C01400008014008B50121082001F089
:1029C00091FC0121042001F08DFC48208DF80300CA
:1029D0000220ADF8000003208DF80200694605488A
:1029E000FFF73CFD5020ADF8000069460248FFF7B4
:1029F00035FD08BD000C01400008014010B5144829
:102A00000078401C124908700846007814281EDB24
:102A1000002008700F4800780F490870FFF7B0FFDA
:102A20000C4908700C48007888B10846007870B9E5
:102A300009480078032806D10848007818B100201A
:102A40000649087003E0044800780549087010BD85
:102A5000B1000020B2000020B3000020B000002030
:102A6000AC00002010B54FF400410248FFF78CFD88
:102A700010BD0000000C014010B54FF400410248A9
:102A8000FFF780FD10BD0000000C014008B50121DA
:102A9000082001F027FC10208DF803004FF430408F
:102AA000ADF8000003208DF8020069460948FFF7E1
:102AB000D5FC4FF400410748FFF766FD4FF4805105
:102AC0000448FFF75FFD4FF400510248FFF75CFD3B
:102AD00008BD0000000C014008B500BF19224149A3
:102AE0004148006806F052F9012811D13D480078AC
:102AF000012801D1002008BD3A480078022801D100
:102B0000FFF7B0FF37480078032801D1FFF7B4FF83
:102B1000002269463548006806F038F9012834D1AA
:102B20009DF8000001280BD12E480078401E2D4949
:102B3000087008460078002827DC0320087024E08D
:102B40009DF8000002280BD126480078401C25493A
:102B5000087008460078042817DB0120087014E08C
:102B60009DF80000032810D1192005F06DFE28B152
:102B700000F0B2FD01F014FB05F058FE002319220D
:102B800018491948006805F0B1FF192005F05CFEEE
:102B900020B302F029FA13480078012804D0022853
:102BA00009D0032815D10DE010231A46002108464C
:102BB00001F034F90DE0182324221421084601F015
:102BC0002DF906E018231A461421482001F026F9B1
:102BD00000BF00BF01F0E4FA05F028FE0C2005F06C
:102BE00041FC7BE770000020E4000020E0000020B2
:102BF0002DE9FE4F78487949794B7A4ACDE90010A2
:102C000079497A4800F010F906F0CCFA0446784881
:102C1000006818B976480460BDE8FE8F74490968F9
:102C2000611A8800FDF799FE06467249FDF7C6FC59
:102C300005466F4804606A48B0F90000FDF784FE5D
:102C400080466D49FDF7BAFC07462946FDF784FC2E
:102C500006466A4801683046FDF726FC6849086068
:102C60005E48B0F90000FDF76FFE80466249FDF74F
:102C7000A5FC07462946FDF76FFC0646614801683A
:102C80003046FDF711FC604908605348B0F9000078
:102C9000FDF75AFE80465849FDF790FC0746294645
:102CA000FDF75AFC0646594801683046FDF7FCFB23
:102CB000574908604B48B0F90000FDF745FE8046D3
:102CC0004948B0F90000FDF73FFE8146414604F057
:102CD00093F907464F49FDF73FFC06464E49FDF77D
:102CE0006DFC4E4908603F48B0F90000FDF72CFE2E
:102CF00001903C48B0F90000FDF726FE00900199D4
:102D0000FDF72AFC83463848B0F90000FDF71CFEA9
:102D100001903548B0F90000FDF716FE00900199CA
:102D2000FDF71AFC59460290FDF7BEFB824605F0FE
:102D300049F980462D48B0F90000FDF705FE80F006
:102D400000494146484604F057F907463149FDF726
:102D500003FC06463049FDF731FC31490860314833
:102D600001684FF07E50FDF7F1FB80462B4801686B
:102D70004046FDF7F1FB06462148016829480068F6
:102D8000FDF7EAFB07463146FDF78EFB1B4908605D
:102D9000244801684FF07E50FDF7D8FB804620485C
:102DA00001684046FDF7D8FB0646174801681D48F4
:102DB0000068FDF7D1FB07463146FDF775FB114969
:102DC00008601348016817480068FDF7C5FB0F4904
:102DD000086000BF20E700007C0000207A0000208F
:102DE000780000207600002074000020720000208F
:102DF000A800002000007A4433338341940000206F
:102E000088000020980000208C0000209C000020FA
:102E10009000002000003443DA0F49408000002079
:102E200084000020A00000202DE9F05F06460F4638
:102E300090469946DDE90AAB3B2000F067F804466E
:102E40003C2000F063F8054645EA042000B23080DB
:102E50003D2000F05BF804463E2000F057F80546A0
:102E600045EA042000B238803F2000F04FF80446C5
:102E7000402000F04BF8054645EA042000B2A8F8CF
:102E80000000432000F042F80446442000F03EF8E1
:102E9000054645EA042000B2A9F80000452000F0EC
:102EA00035F80446462000F031F8054645EA04208E
:102EB00000B2AAF80000472000F028F80446482095
:102EC00000F024F8054645EA042000B2ABF8000003
:102ED000BDE8F09F10B500F019FA01216B2000F059
:102EE00034F800216C2000F030F80421192000F0A3
:102EF0002CF806211A2000F028F818211B2000F0D9
:102F000024F818211C2000F020F810BD70B50446EC
:102F100000F070FAD02000F058FA00F021FA2046B4
:102F200000F053FA00F01CFA00F064FAD12000F02F
:102F30004CFA00F015FA00F022FA0546012000F0E4
:102F400038FA00F065FA284670BD70B505460C46A3
:102F500000F050FAD02000F038FA00F001FA2846CC
:102F600000F033FA00F0FCF9204600F02EFA00F0F1
:102F7000F7F900F04DFA70BD08B500BF00226946B0
:102F80001448006805F002FF01280FD19DF80000E9
:102F900003280BD1192005F057FC28B100F09CFB49
:102FA00001F0FEF805F042FC002008BD192005F0F4
:102FB0004BFC58B102F034F810231A4600210846A1
:102FC00000F02CFF01F0ECF805F030FC062005F0D5
:102FD00049FAD3E7E000002000BFFEE738B5012042
:102FE00056490870022500BF002400226946544853
:102FF000006805F0CBFE012836D19DF800000128BD
:103000000ED101254D4908704E480078401E4D49AB
:10301000087008460078002826DC0820087023E0A5
:103020009DF8000002280FD10225012043490870B5
:1030300044480078401C4349087008460078082836
:1030400012DD012008700FE09DF8000003280BD16D
:10305000192005F0F9FB28B100F03EFB01F0A0F8C3
:1030600005F0E4FB37480478012C01D1002038BD7D
:10307000022C04D100F068F802F0ECF828E0032CF0
:1030800004D100F061F8FFF727FD21E0042C04D102
:1030900000F05AF8FFF770FF1AE0052C04D100F099
:1030A00053F8FFF779FA13E0062C04D100F04CF83E
:1030B000FFF70CF90CE0072C04D100F045F8FFF7FE
:1030C000EBFA05E0082C03D100F03EF8FEF73EFBDA
:1030D0001C480078012811D1012D06D100220121C0
:1030E0001648007801F0BEFB23E0022D21D100221A
:1030F00011461248007801F0B5FB1AE0012D0AD103
:1031000010480078401EC2B20E4801780B48007883
:1031100001F0A8FB0DE0022D0BD10A480078401EFB
:10312000C2B208480078801EC1B20448007801F09D
:1031300099FB022005F096F956E700006800002090
:10314000E00000207100002010B5102429E000F0FC
:10315000C3FA1548007801280ADB144A1278A2F154
:103160003001114A1278521ED0B2224600F0BAF84D
:1031700022460E4801780C48007800F0B3F80A495E
:103180000978491CC8B2224608490978303100F054
:10319000A9F801F005F8012005F064F904F1100028
:1031A000C4B2402CD3DD10BD6400002066000020B6
:1031B00008B500F091FA44482C231A460A210090E1
:1031C0002A2000F0C1FE4148007841490978884230
:1031D00014DA4048007840490978401A3D4908709F
:1031E0000846007850B939480078401C37490870C3
:1031F00000203A490870302036490870334800787A
:1032000033490978884215DD324800783249097817
:103210000844304908700846007860280AD12B48D5
:103220000078401E2949087000202C490870302081
:10323000284908702548007801280ADB254A1278B9
:10324000A2F13001214A1278521ED0B2102200F0B1
:1032500049F81E48007802280ADB1E4A1278A2F1BB
:1032600060011A4A1278921ED0B2102200F03AF889
:103270001022184801781548007800F033F81349F7
:103280000978491CC8B2102212490978303100F07F
:1032900029F80E490978891CC8B210220D4909780D
:1032A000603100F01FF80A480078082809DA0C4855
:1032B0000749097850F82120062300212C2000F02E
:1032C000E7FE00F06DFF08BD12B5000864000020A5
:1032D00065000020660000206700002068000020D4
:1032E00030000020F8B504460D461646082C09DAD1
:1032F000054800EBC41020231A46314600902846AA
:1033000000F022FEF8BD000012B1000808B501214E
:10331000082000F0E7FF14208DF803004FF4405020
:10332000ADF8000003208DF8020069460448FFF75D
:1033300095F84FF440510248FFF726F908BD000008
:10334000000C014010B54FF480510448FFF711F90B
:1033500004460A20FEF717FC204610BD000C014071
:1033600010B5012000F06EF8012000F05DF8FFF7C5
:10337000E9FF0446002000F057F8204610BD70B564
:103380000025012000F05EF800240EE0012000F08E
:103390004BF8FFF7D7FF012802D1802020410543D9
:1033A000002000F041F8601CC4B2082CEEDB284677
:1033B00070BD10B50446204600F044F8012000F02E
:1033C00033F8002000F030F810BD70B50546002439
:1033D0000DE08021214101EA050000F033F80120D1
:1033E00000F022F8002000F01FF8601CC4B2082C86
:1033F000EFDB70BD10B5012000F024F8012000F0D3
:1034000013F8002000F01EF8002000F00DF810BDA9
:1034100010B5002000F016F8012000F005F801209A
:1034200000F010F810BD000010B5044622464FF41D
:1034300000510348FFF7AAF80A20FEF7A4FB10BDCD
:10344000000C014010B5044622464FF48051034859
:10345000FFF79CF80A20FEF796FB10BD000C014018
:1034600010B50121080700F01DFF0121C80600F07A
:1034700019FF012000F0E8FE0420FEF73BFA4BF2B2
:10348000B331884220D0012000F0D4FF00BF41209A
:1034900000F0B2FF0128FAD1000200F0EBFF01209A
:1034A00000F0E2FF01F034F801F028F847F6FF7071
:1034B00001F014F801F022F800F030F84BF2B331CB
:1034C0000420FEF725FA03E001F022F801F016F8D7
:1034D00010BD000010B58CB000F0E8FF00F5E14031
:1034E0000B900BA8FDF798FB04462C22214668465A
:1034F000FCF7CCFE059800F26C7007490860049850
:10350000401C4860039888600298C8600198086170
:10351000009848610CB010BD1400002010B58CB0AC
:1035200010480068A0F26C7006900E484068401E7B
:1035300005900C48806804900A48C06803900948C8
:103540000069029007484069019001A8FCF74AFE13
:10355000A0F5E144204600F0B3FF00F0CFFF0CB02F
:1035600010BD0000140000207047000000F01F0292
:1035700001219140024A430942F82310704700009C
:1035800080E100E000F01F02012191404209920019
:1035900002F1E022C2F800117047000070B500216E
:1035A00000230F22C47804B3154C246804F4E064AB
:1035B000C4F5E064210AC1F10403CA40447804FA66
:1035C00003F184781440214309010E4C0678A1557B
:1035D000047804F01F050124AC4005786D11AD009E
:1035E00005F1E025C5F8004109E0047804F01F0565
:1035F0000124AC40044D0678761145F8264070BD94
:103600000CED00E000E400E080E100E0024901434D
:10361000024A1160704700000000FA050CED00E05E
:10362000062854D2DFE800F053031323334329491B
:1036300049680C2903DD0121264A516006E025492D
:103640004968002902DC0C21224A516040E02149EE
:1036500089681F2903DD01211E4A916006E01D498A
:103660008968002902DC1F211A4A916030E019495B
:10367000C968172903DD0021164AD16006E0154903
:10368000C968002902DA1721124AD16020E01149E5
:1036900009693C2903DB00210E4A116106E00D494E
:1036A0000969002902DA3B210A4A116110E009493F
:1036B00049693C2903DB0021064A516106E00549BE
:1036C0004969002902DA3B21024A516100E000BF4A
:1036D00000BF70471400002000200CE0002106E02D
:1036E0000022064B03EBC0135A544A1CD1B2802966
:1036F000F6DB421CD0B20828F0DB704780010020C6
:103700002DE9F04304460D4616461F46284638E08C
:10371000224631E0002A2DDB7F2A2BDC002829DB22
:103720003F2827DC4FEAE07C00EB5C7C4FEAEC0CA6
:10373000DFF8588008EBCC1C1CF802C003464FEAA7
:10374000E07800EB58784FEAE808A0EBC8094FF0A2
:10375000010808FA09F82CEA080C01464FEAE0785B
:1037600000EB58784FEAE808DFF8209009EBC8181A
:1037700008F802C0511C0AB2A1199142CADC411CCE
:1037800008B2E9198142C3DCBDE8F0838001002062
:103790002DE9F04F07460E4691469A46C9F1010BB6
:1037A00000254C46321911B27A1910B200F036FADF
:1037B000321B11B27A1B10B200F030FA721911B23A
:1037C0003A1910B200F02AFA721B11B23A1B10B269
:1037D00000F024FABAF1000F0FD060420FFA80F81F
:1037E00009E006EB080001B2384600F017FA08F1CC
:1037F00001000FFA80F8A045F3DB75E0681C05B204
:10380000BBF1000F05DA6800401C58440FFA80FB3A
:1038100007E0601E04B2281B4000401C58440FFA09
:1038200080FB321911B27A1910B200F0F7F972194F
:1038300011B23A1910B200F0F1F9321B11B27A1B31
:1038400010B200F0EBF9721B11B23A1B10B200F08B
:10385000E5F9321B11B27A1910B200F0DFF9721BD0
:1038600011B23A1910B200F0D9F9321911B27A1B1B
:1038700010B200F0D3F9721911B23A1B10B200F075
:10388000CDF9BAF1000F2FD060420FFA80F811E0A5
:1038900006EB080211B27A1910B200F0BFF906EB7C
:1038A000080211B27A1B10B200F0B8F908F1010059
:1038B0000FFA80F8A045EBDB68420FFA80F811E0C0
:1038C00006EB080211B23A1B10B200F0A7F906EBA2
:1038D000080211B23A1910B200F0A0F908F1010083
:1038E0000FFA80F8A845EBDBA54287DBBDE8F08F37
:1038F0002DE9FF4F97B007460E469B46DDF864A0C2
:10390000D94600254C46C9F10000FDF72BF80022EE
:10391000C14BCDE90801FCF78FFECDE90C010AFB94
:103920000AF0FDF71FF8CDE90A01DDE90C23FCF7E9
:103930002AFFCDE9100109FB09F0FDF713F8CDE9E5
:103940000E01DDE91023FCF777FECDE91201FDF74A
:10395000BBF815902498A8B160420FFA80F80FE0E8
:1039600006EB080001B2384600F058F906EB0800F3
:1039700001B2384600F052F908F101000FFA80F860
:10398000A045EDDB321911B27A1910B200F046F9F8
:10399000321B11B27A1B10B200F040F9321911B289
:1039A0007A1B10B200F03AF9321B11B27A1910B238
:1039B00000F034F95BE000211598FDF7A1F80DD86F
:1039C00009FB09F16A00D21C01FB02F0FCF7BCFF05
:1039D00013901599FCF768FD159014E009FB09F1A7
:1039E0006A00D21C51430AFB0AF26300C3F10203CE
:1039F00002FB0310FCF7A8FF13901599FCF754FD88
:103A00001590601E04B2681C05B22498B8B16042DB
:103A10000FFA80F811E006EB080211B27A1910B221
:103A200000F0FCF806EB080211B27A1B10B200F0AD
:103A3000F5F808F101000FFA80F8A045EBDB321928
:103A400011B27A1910B200F0E9F8321B11B27A1BE8
:103A500010B200F0E3F8321911B27A1B10B200F084
:103A6000DDF8321B11B27A1910B200F0D7F82046F7
:103A7000FCF778FF0022684BCDE90A01FCF77DFED8
:103A8000CDE90E010AFB0AF0FCF76CFFCDE90C0151
:103A9000DDE90E23FCF777FECDE9120109FB09F100
:103AA0006A1C01FB02F0FCF75DFFCDE91001DDE9C6
:103AB0001223FCF7D9FFFFF47EAF0AFB0AF101FBEA
:103AC00009F101FB09F0FCF74DFFCDE910010AFBFC
:103AD0000AF1621E514301FB02F0FCF743FFCDE9FE
:103AE0000C012846FCF73EFF00224B4BCDE90401B8
:103AF000FCF7A2FDCDE908012846FCF733FF0022C0
:103B0000454BCDE90001FCF797FDCDE9040109FB28
:103B100009F0FCF727FFCDE90201DDE90423FCF7FA
:103B200032FECDE90601DDE90823FCF72CFECDE9E4
:103B30000A01DDE90C23FCF77FFDCDE90E01DDE98B
:103B40001023FCF71AFECDE91201FCF7BDFF14901B
:103B50005CE000211498FCF7D3FF15D809FB09F1AC
:103B60006A00921C51430AFB0AF26300C3F103038B
:103B700002FB0310FCF7E8FE13901499FCF794FC89
:103B80001490681C05B20DE00AFB0AF16200C2F154
:103B9000030201FB02F0FCF7D7FE13901499FCF727
:103BA00083FC1490601E04B22498B8B160420FFAEE
:103BB00080F811E006EB080211B27A1910B200F099
:103BC0002DF806EB080211B27A1B10B200F026F8AD
:103BD00008F101000FFA80F8A045EBDB321911B2B1
:103BE0007A1910B200F01AF8321B11B27A1B10B217
:103BF00000F014F8321911B27A1B10B200F00EF86E
:103C0000321B11B27A1910B200F008F8002CA0DCB7
:103C10001BB0BDE8F08F00000000E03F70B5034628
:103C2000002B20DB7F2B1EDC00291CDB3F291ADC4C
:103C3000CC1701EB5474E4100B4D05EBC414E45C99
:103C40000A46CD1701EB5575ED10A1EBC506012510
:103C5000B5402C430846CD1701EB5575ED10024ECB
:103C600006EBC515EC5470BD8001002038B500246A
:103C700006E0002500E06D1CB5F57A7FFBD3641CDF
:103C8000B4F57A7FF5D30121082000F02BFB142036
:103C90008DF8030003208DF802004FF48070ADF81A
:103CA000000069460848FEF7D9FB4FF40070ADF8F4
:103CB000000069460448FEF7D1FB012000F084FAB9
:103CC000012000F08DFA38BD000C014070B50546AA
:103CD000002411E080212141294009B1012100E0A7
:103CE0000021084600F07CFA012000F06DFA002067
:103CF00000F06AFA601CC4B2082CEBDB012000F073
:103D000063FA002000F060FA70BD10B5012000F0E9
:103D100067FA012000F058FA002000F061FA002054
:103D200000F052FA10BD10B5002000F059FA012041
:103D300000F04AFA012000F053FA10BD10B5FFF769
:103D400095FFAE2000F058FAD52000F055FA8020FB
:103D500000F052FAA82000F04FFA3F2000F04CFA91
:103D6000D32000F049FA002000F046FA402000F08D
:103D700043FAA12000F040FAC82000F03DFADA2012
:103D800000F03AFA122000F037FA812000F034FAFD
:103D9000CF2000F031FAD92000F02EFAF12000F007
:103DA0002BFADB2000F028FA302000F025FAA420BE
:103DB00000F022FAA62000F01FFA8D2000F01CFA75
:103DC000142000F019FAAF2000F016FAFFF784FC77
:103DD00000F0E6F910BD10B50246012000E05043A6
:103DE0000B1EA1F10101FAD110BD0FB470B5C2B024
:103DF00005460E4614464AA8019002A8019A499920
:103E000002F02EF900200190234602AA31462846EE
:103E100000F03EF942B070BC5DF814FB2DE9F043B0
:103E200004460D4616461F46284638E0224631E035
:103E3000002A2DDB7F2A2BDC002829DB3F2827DC0A
:103E40004FEAE07C00EB5C7C4FEAEC0CDFF858803A
:103E500008EBCC1C1CF802C003464FEAE07800EBEC
:103E600058784FEAE808A0EBC8094FF0010808FAB3
:103E700009F88CEA080C01464FEAE07800EB587824
:103E80004FEAE808DFF8209009EBC81808F802C0EC
:103E9000511C0AB2A1199142CADC411C08B2E919AD
:103EA0008142C3DCBDE8F0838001002070B5054687
:103EB0000C4645F0B00000F09FF9102141EA1410C3
:103EC00000F09AF904F00F0000F096F970BD0000C0
:103ED000F8B506460F4614461D46082D0CD1A4F130
:103EE0002000164901EB00101023082239460090EB
:103EF000304600F029F820E0062D0ED1A4F1200074
:103F000000EB40000E4901EB400008230622394631
:103F10000090304600F018F80FE00C2D0DD1A4F100
:103F2000200000EBC000074901EB800018230C22A1
:103F300039460090304600F007F8F8BDEC960008CE
:103F4000DC9C0008169F00082DE9FF4F80460E46B6
:103F50009146DDF834B0002500244A4631464046FB
:103F6000039BFFF7CDFB00BF5EE0002558E008EBA8
:103F70000500002852DB08EB05007F284EDC3046A8
:103F8000F11706EB5171C9100FB2F11706EB517121
:103F9000C910A6EBC10A002E05DA781E07B20AF195
:103FA00008000FFA80FA3819002817DB381907289B
:103FB00014DC3819224901EBC01008EB0501405C04
:103FC00004FB09511BF8011001FA0AF108433919E1
:103FD0001B4A02EBC11108EB050288543819401C3A
:103FE00000281BDB3819401C072817DC3819401C37
:103FF000134901EBC01008EB0501405C04FB0951BB
:104000001BF80110CAF10802114108433919491C73
:104010000B4A02EBC11108EB05028854681CC5B2BB
:104020004D45A4DB601CC4B20399481EC11700EBC8
:104030005171012202EBE101A14296DCBDE8FF8F44
:10404000800100202DE9F0470646894617461D46A7
:10405000DDF82080002417E0281B411E0A20FFF70E
:10406000BAFEB7FBF0F00A21B0FBF1F201FB12003F
:1040700000F1300A04FB086108B243465246494643
:10408000FFF726FF601CC4B2AC42E5DBBDE8F08759
:104090002DE9FE4F07468A46144698460025AB4652
:1040A000002672E0605D00F0800058B94FF0010B0F
:1040B0002846691C8DB2205C8DF8040000208DF824
:1040C000050013E04FF0020B2846691C8DB2205CFE
:1040D0008DF80400605D00B95AE02846691C8DB275
:1040E000205C8DF8050000208DF80600BBF1010F63
:1040F0000BD19DF80420B91908B243465146FFF789
:10410000E7FE06EB080086B23FE04FF000090EE044
:10411000C9EBC90101EB81011F4A881801A9FCF70D
:10412000F2F800B90EE009F101001FFA80F9C9EBBD
:10413000C90101EB8101184A881818A1FCF7E3F8BE
:104140000028E5D100BFB8F1080F12D1C9EBC900B2
:1041500000EB800010490844C01CB919009008B257
:1041600010231A465146FFF7EFFE06F1100086B203
:104170000BE0B8F1060F08D1B91908B206233F22A7
:104180005146FFF7A5FEB01D86B2605D002889D1BB
:1041900000BFBDE8FE8F000072AC00080000000008
:1041A00010B500240BE000212046FFF77FFE0549F3
:1041B00001EBC410802100F02FF8601CC4B2082C61
:1041C000F1DB10BD8001002010B5044622464FF4FB
:1041D00080710248FEF7DAF910BD0000000C0140C2
:1041E00010B5044622464FF400710248FEF7CEF99E
:1041F00010BD0000000C014010B50446FFF785FD1E
:104200007820FFF763FD0020FFF760FD2046FFF7F1
:104210005DFDFFF788FD10BD70B505460E46FFF742
:1042200074FD7820FFF752FD4020FFF74FFD00247A
:1042300004E0285DFFF74AFD601CC4B2B442F8DB1D
:10424000FFF771FD70BD0000014908627047000072
:1042500000000E4210B5FFF703F9FEF7ADFBFEF7C5
:1042600015FCFEF737FEFDF719F910BD01460020D9
:10427000034A506820F440400843506070470000F3
:104280000010024029B1064A52690243044B5A61A8
:1042900004E0034A52698243014B5A6170470000AF
:1042A0000010024029B1064AD2690243044BDA6188
:1042B00004E0034AD2698243014BDA61704700008F
:1042C0000010024029B1064A12690243044B1A61E8
:1042D00004E0034A12698243014B1A6170470000EF
:1042E0000010024029B1064A92690243044B9A61C8
:1042F00004E0034A92698243014B9A6170470000CF
:104300000010024029B1064AD2680243044BDA6029
:1043100004E0034AD2688243014BDA607047000030
:104320000010024030B500210022002400232D4D52
:104330006D6805F00C0121B1042905D0082923D1AD
:1043400005E0294D056022E0274D05601FE0254D61
:104350006D6805F47012234D6D6805F480340225F4
:1043600005EB92421CB9214D554305600BE01D4DF4
:104370006D6805F400351DB11C4D5543056002E024
:10438000194D5543056002E0174D056000BF00BFA1
:10439000144D6D6805F0F0010909154D6B5C056859
:1043A000DD4045600F4D6D6805F4E061090A104D70
:1043B0006B5C4568DD4085600A4D6D6805F46051B1
:1043C000C90A0B4D6B5C4568DD40C560054D6D68E5
:1043D00005F44041890B074D6B5CC568B5FBF3F5EF
:1043E000056130BD0010024000127A0000093D0056
:1043F000000000201000002010B50146002200231C
:1044000000204A11012A02D1094C236806E0022A41
:1044100002D1074C236A01E0054C636A01F01F02D8
:10442000012494401C400CB1012000E0002010BD8C
:104430000010024000210B4A11700A4A203A82F80B
:104440002010012802D0042808D103E00121054AE8
:10445000117004E00521034A117000E000BF00BFA5
:1044600070470000201002400149086070470000BA
:104470003C0442420249096A0143014A1162704701
:10448000001002400348008840F0100001490880F5
:104490007047000004280040034800884FF6EF7181
:1044A0000840014908807047042800400021034863
:1044B0000188001F008841EA004070471C28004026
:1044C00000B50246FFF7DEFF100C03490880091D06
:1044D0000A80FFF7E1FF00BD1828004000B5024642
:1044E000FFF7D0FFC2F3034003490880091D0A808B
:1044F000FFF7D2FF00BD00000828004000BF0348BE
:10450000008800F020000028F9D0704704280040FF
:10451000074800884FF6F77108400549088000BF3A
:104520000348008800F008000028F9D07047000018
:104530000428004000B585B001218803FFF7D2FEB2
:1045400001210420FFF7CEFE18208DF813004FF450
:104550000070ADF8100003208DF8120004A9154872
:10456000FDF77CFF48208DF813004FF48060ADF814
:10457000100003208DF8120004A90E48FDF76EFF0D
:104580004FF4E13000900020ADF80C000C20ADF8A5
:104590000A000020ADF80800ADF80600ADF80400F0
:1045A0006946054801F0DAF80121034801F016F8E0
:1045B00005B000BD000801400038014010B50446B8
:1045C0002146054801F036F900BF8021024801F07C
:1045D00069F80028F9D010BD0038014010B5042159
:1045E000022000F0F3F810BD10B50521032000F003
:1045F000EDF810BD10B50621042000F0E7F810BD5D
:1046000010B50321012000F0E1F810BD10B507211D
:10461000052000F0DBF810BD10B500F001F810BD6A
:104620000CB50020019000903348006840F48030C1
:104630003149086000BF3048006800F40030009045
:104640000198401C0190009818B90198B0F5A06F2E
:10465000F1D12948006800F4003010B10120009029
:1046600001E0002000900098012843D12348006811
:1046700040F01000214908600846006820F003005F
:1046800008600846006840F0020008601A48406868
:10469000194948600846406848600846406840F448
:1046A000806048600846406820F47C1048600846F6
:1046B000406840F4E81048600846006840F08070A8
:1046C000086000BF0C48006800F000700028F9D0B6
:1046D0000948406820F003000749486008464068E0
:1046E00040F00200486000BF0348406800F00C0042
:1046F0000828F9D10CBD0000001002400020024043
:1047000070B50120304908605DE0002400F088F8B1
:104710000546012D0BD12C480068401E2A4908602F
:1047200008460068002814DC0720086011E0022D0C
:104730000BD125480068401C2349086008460068E2
:10474000082806DB0120086003E0032D01D11E4884
:104750000478012C0BD1192004F076F828B1FEF76B
:10476000BBFFFFF71DFD04F061F8002070BD022CB7
:1047700002D100F071F817E0032C02D1FFF740FFDF
:1047800012E0042C02D1FFF729FF0DE0052C02D125
:10479000FFF72AFF08E0062C02D1FFF72BFF03E00A
:1047A000072C01D1FFF732FF07480068042804DC1A
:1047B00005490878FDF7B6FA03E003490878FDF7E4
:1047C00014FB00F028F8A0E7B400002070B50646FE
:1047D0000D4600BF00F024F80446012C04D101214D
:1047E0003046FDF7A5F80AE0022C04D1002130463E
:1047F000FDF79EF803E0032C01D1002070BD042DCD
:1048000003DC2846FDF7C4FA02E02846FDF71AFB50
:1048100000F001F8DEE710B5052003F023FE10BD1F
:1048200008B500200090002269460948006804F09D
:10483000ADFA012806D19DF80000064908709DF8E0
:10484000000008BD00200349087000BFF9E7000020
:10485000E00000202C00002010B502210020FFF70E
:10486000B5FF10BD70B506460C461546012E03D1A6
:104870000348047003480570FEF79AFC70BD000001
:10488000640000206500002008B500BF00226946D2
:104890003248006804F07AFA012839D19DF8000006
:1048A00001280BD12E480068401E2D49086008469B
:1048B000006800282CDC0220086029E09DF8000038
:1048C00002280BD126480068401C2549086008468C
:1048D000006803281CDB0120086019E09DF8000037
:1048E000032815D1192003F0AFFF28B1FEF7F4FE1D
:1048F000FFF756FC03F09AFF19480068012801D120
:10490000002008BD16480068022801D1FFF7F8FE14
:10491000192003F099FFE8B1FEF7DEFE00F038FC45
:104920000F480068012802D002280ED106E01023AB
:104930001A4600210846FFF771FA06E010236022AC
:1049400019460020FFF76AFA00BF00BFFFF728FCF6
:1049500003F06CFF0C2003F085FD97E7E0000020DA
:10496000600000202DE9FC412B4810231A4600214D
:1049700000900846FFF7E8FA082328A2002120202B
:10498000FFF786FB2748007868B9082326A218217C
:104990000020FFF77DFB082326A22C210020FFF733
:1049A00077FBBDE8FC812648B0F900402548058822
:1049B000002C11DA604206B20A2096FBF0F100FBEF
:1049C000116796FBF0F820A3082214210020CDE9FE
:1049D0000087FFF70AFA0EE00A2094FBF0F100FBD3
:1049E000114794FBF0F81CA3082214210020CDE904
:1049F0000087FFF7FAF90A2095FBF0F100FB115749
:104A000095FBF0F818A3082228210020CDE90087A3
:104A1000FFF7EBF900BFC4E7F2B000084148543299
:104A200030000000D400002041485432302045724C
:104A3000726F7200436865636B2049324332000035
:104A4000D0000020D200002054656D703A2D2564FE
:104A50002E2564430000000054656D703A202564E3
:104A60002E2564430000000048756D693A202564D6
:104A70002E2564252500000008B5174800788F28EA
:104A800008DBFBF79DFB032190FBF1F201FB120019
:104A9000124908701148007800EB4000104901EB02
:104AA00000100D4900900978C1F17F0012231022F7
:104AB0002C21FFF749FA08480078C0F17F00094926
:104AC000087005480078C0F18F0088702C2048706D
:104AD0003E20C87008BD0000BF000020BE000020BE
:104AE0001AB70008C00000202DE9F84F0024002567
:104AF00008E0FCF7CBFC4A490880084600880444DB
:104B0000681C85B240F6B8308542F2DB94FBF0F0C9
:104B10004349088008460088FBF71FFF8246414949
:104B2000FBF74CFD8146FBF78CFF07464FF06632E2
:104B30003D4BFBF728FE0546FBF7C6FF3B490860E7
:104B400037480088A0F6CC406421484340F2333116
:104B500090FBF1F03649086008460068002801DA49
:104B600000200860062003230090314804210268D9
:104B70005520FFF767FA0623252204216720FFF757
:104B8000A7F92B480068642808D12A4810231A4640
:104B9000002100906E20FFF7D7F93EE0244800681E
:104BA0000A2826DB22480068642822DA21481023DC
:104BB0001A46002100906E20FFF7C6F91C480068D5
:104BC0000A2190FBF1F0C0F10A00C5B21848006854
:104BD00090FBF1F0703006B206232A4605213046DC
:104BE000FEF78EFD0823062204215520FEF788FDDE
:104BF00013E0104810231A46002100906E20FFF7A2
:104C0000A3F906230A2205217020FEF779FD082367
:104C10000C2204215520FEF773FDBDE8F88F00003B
:104C20005000002000F07F4566660A4054000020D6
:104C300058000020C6B800080EB5FFF755FFFEF774
:104C400049FC1548806814494968134A126813A33F
:104C5000CDE900210290062200210846FFF7C5F8A1
:104C60000D4840690C4909690B4AD2680EA3CDE989
:104C7000002102900C2210210846FFF7B6F8082305
:104C80000DA230210020FFF703FA08230CA23021E7
:104C90006020FFF7FDF90EBD1400002025642D25CE
:104CA000642D256400000000253032643A2530323E
:104CB000643A253032640000B2CBB5A50000000094
:104CC000C9E8D6C30000000008B5064806490090B0
:104CD0000978C1F17F00082310220921FFF734F978
:104CE00008BD0000AAB70008C40000202DE9FC5F41
:104CF000002201A93148006804F048F8012805D1D4
:104D00009DF80400012801D12D4908702D48008824
:104D1000FBF723FE2C490090FBF71EFC83462B4932
:104D2000FBF74CFC8246FBF78CFE064603F0FAF8D4
:104D300004460022264BFBF726FD8046FBF768FE63
:104D4000244908701E480078D0B92349087800EB40
:104D5000D0714910A0EB410141B920481223102223
:104D60002C2100900020FFF7EFF815E01B483030B1
:104D7000122310222C2100900020FFF7E5F80BE011
:104D800016486030009013480078C0F12C011223BF
:104D900010220020FFF7D8F80020114908701020D9
:104DA00088700C480078C0F12C00487009480078E1
:104DB000C0F14000C870BDE8FC9F0000E00000208A
:104DC000C5000020C6000020DA0F494000007A44E8
:104DD00000003C40C8000020C4000020BAB7000812
:104DE000C900002038B500243AE0FEF775FC3E48C3
:104DF00004F10A0110231A4600901E20FFF7A4F8C0
:104E00003948203004F10A0110231A46009052203C
:104E1000FFF79AF801200090C4F10600C3B2062201
:104E200020212820FEF764FD01200090C4F1060037
:104E3000C3B2062220215820FEF75AFD2B48142326
:104E40001A46282100903620FFF77EF8FFF7A8F9D0
:104E50002820FDF763FA08B1012038BD601CC4B2F8
:104E6000032CC2DB002438E0FEF736FC1E48C4F1F8
:104E70000C0110231A4600901E20FFF765F81A480F
:104E80002030C4F10C0110231A4600905220FFF785
:104E90005BF801200090201DC3B2062220212820AB
:104EA000FEF726FD01200090201DC3B2062220211E
:104EB0005820FEF71DFD0D4814231A4628210090A6
:104EC0003620FFF741F8FFF76BF92820FDF726FAA7
:104ED00008B10120C1E7601CC4B2032CC4DBC820A8
:104EE000FDF71CFAB9E700004AB800088AB80008C4
:104EF00008B5074810231A46002100900846FFF71E
:104F000023F8082303A210210020FFF7C1F808BDF1
:104F1000F2B00008B9C8B8E8D0A1BFD6C1FA000005
:104F200070B500231E2220214020FEF731FC0D48E1
:104F300001684FF08440FBF7B7FA0646FBF730FDF7
:104F400004B2094801684FF08540FBF7FFFA0646B6
:104F5000FBF726FD05B20123042221462846FEF771
:104F600017FC70BD98000020940000201B480088AA
:104F700080280DDA002008E0184909880144184A01
:104F8000525C18490A54411CC8B28028F4DB23E063
:104F9000002008E0114909880144114A525C114976
:104FA0000A54411CC8B20D490988C1F1FF01814270
:104FB000F0DC0A490988C1F1FF01C8B20AE00749DB
:104FC0000988C1F1FF01411A054A525C05490A549A
:104FD000411CC8B28028F2DB70470000BC000020F2
:104FE0001AB600080005002008B50A4810231A4622
:104FF000002100900846FEF7A7FF0C2306A214210B
:105000000846FFF745F80C2304A214214820FFF7B7
:105010003FF808BDF2B000084F4646004F4E000072
:105020007CB5164810231A46002100900846FEF76A
:105030008BFF13480068FBF704FD12A30822CDE99B
:10504000000110210020FEF7D0FE11480068FBF798
:10505000F8FC10A30822CDE9000120210020FEF772
:10506000C4FE0F480068FBF7ECFC0EA30822CDE954
:10507000000130210020FEF7B8FE7CBDF2B0000830
:1050800094000020526F6C6C3A20252E326600008E
:105090009800002050697463683A252E326600003B
:1050A0009C0000205961773A2020252E32660000AE
:1050B00008B50620052300900348002102686220FD
:1050C000FEF7C0FF08BD0000B800002008B5124878
:1050D00010231A46002100900846FEF735FF0F48BE
:1050E00000680FA30822102100900020FEF77DFE2B
:1050F0000A4840680CA30822202100900020FEF7F7
:1051000074FE064880680AA308223021009000201F
:10511000FEF76BFE08BD0000F2B00008140000208E
:10512000C4EA3A2534640000D4C23A25326400004F
:10513000C8D53A253264000008B50E48C0680EA3F1
:105140000822002100900846FEF74FFE094800693A
:105150000BA30822102100900020FEF746FE054810
:10516000406909A30822202100900020FEF73DFE9F
:1051700008BD000014000020CAB13A2532640000C6
:10518000B7D63A2532640000C3EB3A2532640000FA
:1051900008B5074810231A46002100900846FEF77C
:1051A000D3FE082303A210210020FEF771FF08BDE3
:1051B000F2B00008C8D5C6DACAB1BCE4C9E8D6C3A3
:1051C000000000000EB5154810231A46002100907B
:1051D0000846FEF7B9FE1248007812490978124ACB
:1051E000127812A3CDE90021029008221421202078
:1051F000FEF7FBFD082311A228211846FEF748FF01
:10520000082310A228213020FEF742FF08230FA216
:1052100028215820FEF73CFF0EBD0000F2B0000828
:105220006D0000206C0000206B00002025303264EF
:105230003A253032643A253032640000BFAACABC35
:1052400000000000CDA3D6B900000000C7E5B3FD03
:105250000000000008B500BF19224D494D48006804
:1052600003F094FD012820D149480078012801D19C
:10527000002008BD46480078022802D10120464996
:10528000087043480078032802D100204249087082
:105290003F480078042808D100203F4908703F4962
:1052A00008703F4908703F490870002269463E482F
:1052B000006803F06BFD012834D19DF8000001283F
:1052C0000BD133480078401E3149087008460078F9
:1052D000002827DC0420087024E09DF80000022844
:1052E0000BD12B480078401C2949087008460078EB
:1052F000052817DB0120087014E09DF80000032842
:1053000010D1192003F0A0FA28B1FEF7E5F9FEF755
:1053100047FF03F08BFA002319221D491D4800683E
:1053200003F0E4FB192003F08FFA68B3FFF74AFF9C
:1053300017480078012806D002280BD0032810D087
:1053400004281CD114E010231A4600210846FEF759
:1053500065FD14E01023202228210820FEF75EFDC1
:105360000DE01023202228213020FEF757FD06E013
:105370001023202228215820FEF750FD00BF00BF37
:10538000FEF70EFF03F052FA0C2003F06BF863E710
:1053900069000020E40000206A0000206D00002069
:1053A0006C0000206B000020E000002010B503F02E
:1053B000E9FE012801D003F0CBFA10BD10B5134867
:1053C000006840F001001149086008464068104933
:1053D00008400E494860084600680E4908400B49DD
:1053E00008600846006820F480200860084640688D
:1053F00020F4FE0048604FF41F008860FFF70CF9AE
:105400004FF000600449086010BD00000010024029
:105410000000FFF8FFFFF6FE08ED00E010B50121E7
:10542000880700F027F801280FD1FDF773FAFDF780
:10543000E5FA06480078012801D100F089FCFCF764
:10544000FFFB0121880700F006F810BD6A0000206C
:10545000CA4302827047CA430282704721B1028860
:1054600042F00102028004E002884FF6FE731A4007
:105470000280704730B50246002000230024158AC0
:1054800005EA0103958905EA010413B10CB1012075
:1054900000E0002030BD1AB183890B43838102E014
:1054A00083898B438381704701894FF6F8721140DD
:1054B00001817047002202881D4B98420ED01D4B7F
:1054C00098420BD0B0F1804F08D01B4B984205D0CA
:1054D0001A4B984202D01A4B984204D14FF68F7360
:1054E0001A404B881A43174B984207D0164B9842E4
:1054F00004D04FF6FF431A40CB881A4302808B88B2
:1055000083850B8803850A4B98420BD0094B984240
:1055100008D00E4B984205D00D4B984202D00D4B4F
:10552000984201D10B7A03860123838270470000E1
:10553000002C0140003401400004004000080040FD
:10554000000C0040001000400014004000400140EA
:1055500000440140004801401FB501210846FEF704
:10556000A1FE4FF08040FFF79FFF0020ADF80A003A
:10557000ADF806006320ADF8080040F2CF20ADF88A
:10558000040000208DF80C0001A94FF08040FFF7C7
:1055900091FF01218807FFF75BFF01221146900769
:1055A000FFF779FF4FF4A060FEF730F81C208DF86C
:1055B000000001208DF8030002208DF80100012079
:1055C0008DF802006846FDF7E9FF01218807FFF723
:1055D00045FF1FBD10B5FCF767FD10BD21B18289E5
:1055E00042F40052828104E082894DF6FF731A4032
:1055F000828170471AB1838A0B43838202E0838AD7
:105600008B4383827047000010B5044620488442D3
:1056100009D101218803FEF775FE00214FF4804077
:10562000FEF770FE32E01B48844209D10121480494
:10563000FEF748FE00214FF40030FEF743FE25E060
:105640001548844209D101218804FEF73BFE002160
:105650004FF48020FEF736FE18E01048844209D14E
:105660000121C804FEF72EFE00214FF40020FEF7B2
:1056700029FE0BE00A48844208D101210805FEF703
:1056800021FE00214FF48010FEF71CFE10BD00002B
:10569000003801400044004000480040004C0040F9
:1056A0000050004002460020B1F5007F00D100BF4D
:1056B00013880B400BB1012000E00020704770B54B
:1056C0000246002400230025002040F66A16B1425D
:1056D00000D100BFC1F3421501F01F03012606FAF5
:1056E00003F3012D02D19689334006E0022D02D149
:1056F000168A334001E0968A33400C12012606FADE
:1057000004F41688344013B10CB1012000E00020ED
:1057100070BDF0B50346002400260025002040F6A9
:105720006A17B94200D100BF1846C1F3421401F014
:105730001F06012707FA06F5012C01D10C3004E001
:10574000022C01D1103000E014301AB107682F4349
:10575000076002E00768AF430760F0BD2DE9F0473E
:1057600086B005460E460024A24600BFA14600278B
:10577000B08900B100BF2F462C8A4CF6FF70044060
:10578000F08804432C82AC894EF6F3100440B088B4
:1057900031890843718908430443AC81AC8A4FF6D0
:1057A000FF400440B0890443AC8201A8FEF7BAFD73
:1057B0001F48874202D1DDF810A001E0DDF80CA0FF
:1057C000A88900F4004040B10AEBCA0000EB0A10BF
:1057D00031684900B0FBF1F807E00AEBCA0000EBC2
:1057E0000A1031688900B0FBF1F86420B8FBF0F0D2
:1057F00004012009642101FB1089A88900F40040FC
:1058000040B1322000EBC900B0FBF1F000F007001E
:10581000044308E0322000EB09106421B0FBF1F0F2
:1058200000F00F0004432C8106B0BDE8F0870000B3
:1058300000380140C1F308028280704700BFFEE7D4
:1058400010B501244FF4FA620DA10EA0FCF702FC82
:10585000044040F6B8320AA10EA0FCF7FBFB04405E
:105860004FF4FA6206A116A0FCF7F4FB04404FF4D3
:10587000FA6203A119A0FCF7EDFB0440204610BD1D
:105880004F4B000041542B43574D4F44453D320D83
:105890000A00000041542B43575341503D224553C9
:1058A0005033325F736F66744150222C2231323391
:1058B00034353637383930222C352C330D0A000078
:1058C00041542B43495041503D223139322E31361B
:1058D000382E382E31220D0A0000000041542B438F
:1058E000495041503F0D0A0070B505460020184947
:1058F000087018490870FCF73DFB17A000F072FB18
:105900004FF47A721DA11EA0FCF7A4FB10B91EA0D3
:1059100000F068FB41F2883224A126A0FCF79AFB34
:105920004FF47A7215A126A0FCF794FB022D03D147
:10593000FFF786FF044602E000F054F804460CB17D
:1059400021A000E021A0014622A000F04BFB70BD89
:10595000DA000020DB00002045535033322055533D
:105960004152543220444D412B49444C4520696EEC
:10597000697420646F6E650D0A0000004F4B0000D3
:1059800041540D0A00000000455350333220415469
:10599000206E6F20726573706F6E73652C20747249
:1059A000792072657365740D0A0000007265616488
:1059B0007900000041542B5253540D0A000000009E
:1059C000415445300D0A00006F6B00006661696C40
:1059D00065640000574946495F496E697420257324
:1059E0000D0A000010B598B001244FF4FA620EA120
:1059F0000EA0FCF72FFB044010A313A213A16846CE
:105A000000F01AFB44F6206207A16846FCF722FB6F
:105A100004404FF4FA6204A112A0FCF71BFB0440FF
:105A2000204618B010BD00004F4B000041542B43DE
:105A3000574D4F44453D310D0A000000383736358B
:105A400034333231000000006373770041542B433C
:105A5000574A41503D222573222C222573220D0ADC
:105A60000000000041542B4349505354413F0D0A5C
:105A70000000000001460548007828B111B1044833
:105A800000780870012070470020FCE7DB00002050
:105A9000DA00002000B5ADF5017D6A4640F2FF1145
:105AA00001A8FCF789FA60B1002001A9BDF8002027
:105AB000885405A000F096FABDF8001001A800F087
:105AC000A1F80DF5017D00BD4553503332205258E9
:105AD0003A2025730D0A000070B58AB006460D46BF
:105AE000144605B114B900200AB070BD23463246F1
:105AF0000CA1684600F0A0FA40F6B8320EA1684644
:105B0000FCF7A8FA18B900200C490870ECE7214608
:105B10002846FCF781FA40F6B83109A0FCF764FB8F
:105B2000E2E7000041542B43495053454E443D2584
:105B3000642C25640D0A00003E000000DB000020FC
:105B400053454E44204F4B0030B58BB005460124E1
:105B50004FF4FA6211A112A0FCF77CFA04402A4625
:105B600013A101A800F068FA40F6B8320BA101A811
:105B7000FCF770FA04404FF4FA6208A111A0FCF798
:105B800069FA04400CB113A000E014A001462A46B3
:105B900014A000F027FA20460BB030BD4F4B000098
:105BA00041542B4349504D55583D310D0A000000DA
:105BB00041542B4349505345525645523D312C25B3
:105BC000640D0A0041542B43495044494E464F3D11
:105BD000310D0A0073746172746564006661696CEA
:105BE000656400005749464920544350207365724C
:105BF0007665722025732C20706F72743D25640DBC
:105C00000A00000038B504460D4604B105B938BD98
:105C10006A4627A12046FAF785FB01280CD19DF89A
:105C2000000027490870012026490870244801789F
:105C300025A000F0D7F9EAE76A462AA12046FAF73C
:105C400071FB01280CD19DF800001D49087001204E
:105C50001C4908701A4801781BA000F0C3F9D6E768
:105C60006A4624A12046FAF75DFB01280ED19DF873
:105C7000000013490978884202D1002011490870B8
:105C80009DF800101FA000F0ADF9C0E725A1204647
:105C9000FAF720FB20B925A12046FAF71BFB28B113
:105CA00000200849087024A000F09CF900BFAEE76E
:105CB000256868752C434F4E4E4543540000000044
:105CC000DA000020DB0000205749464920636C6958
:105CD000656E7420256420636F6E6E656374656401
:105CE0000D0A00002B4C494E4B5F434F4E4E3A2558
:105CF00068687500256868752C444953434F4E4EBB
:105D0000454354005749464920636C69656E7420C9
:105D1000256420646973636F6E6E65637465640DDA
:105D20000A000000434C4F53454400004C494E4B81
:105D300020434C4F534544005749464920636C6902
:105D4000656E7420636C6F7365640D0A000000005B
:105D500016480088401C1549088008460088B0F5A0
:105D60007A7F22D10020088011480078401C104919
:105D70000870084600783C2817DB002008700D48A2
:105D80000078401C0B490870084600783C280CDB62
:105D90000020087008480078401C07490870084631
:105DA0000078642801DB0020087070476E00002036
:105DB0006D0000206C0000206B00002001460029CF
:105DC00001DA484270470846FCE700002DE9F34F2E
:105DD0009BB04D480068401C4B4908604B48B0F9E7
:105DE00000404B48B0F800804A48006800F0A0F836
:105DF00082464948006800F09BF81A9047480068BE
:105E000000F096F88346002C02DA604280B200E08F
:105E1000A0B281465046FFF7D1FF06461A98FFF719
:105E2000CDFF07465846FFF7C9FF05466421B5FB7D
:105E3000F1F201FB12501990B5FBF1F018900846F1
:105E4000B7FBF0F100FB117017906420B7FBF0F086
:105E500016906420B6FBF0F100FB116015906420F1
:105E6000B6FBF0F014900A2098FBF0F100FB1180D3
:105E700013900A2098FBF0F012900A2099FBF0F1A1
:105E800000FB119011900A2099FBF0F0109024482B
:105E90000278DDE91810BBF1000F01DA21A300E060
:105EA00021A3CDE90B31CDE90D021A9ADDE91610D7
:105EB000002A01DA1BA300E01BA3159ACDE90723F2
:105EC000CDE909101498BAF1000F01DA15A300E02A
:105ED00015A3DDE91212CDE9042303910690DDE953
:105EE0001010002C01DA0FA200E00FA2CDE9002172
:105EF000029005480D4A0368DDE91B0100F082F8B5
:105F00001DB0BDE8F08F0000F0000020D0000020A0
:105F1000D200002094000020980000209C00002067
:105F2000D40000202D00000000000000A0BA0008EE
:105F300070B5044600212046FAF7ECFD0CD80D4957
:105F40002046FAF709FB06464FF07C51FAF7ACFA07
:105F50000546FAF725FD70BD06492046FAF7FCFA1A
:105F600006464FF07C51FAF7F1FA0546FAF718FDAC
:105F7000F1E700000000C84238B56846FFF77AFD37
:105F800000B938BDC0210C48FFF720FF0A48FAF7D6
:105F9000B3F984B2224608499DF80000FFF79CFD42
:105FA00020B1054905A000F01DF802E007A000F0AF
:105FB00019F800BFE5E70000800C0020576946692A
:105FC0002075706C6F61643A2025730057694669CB
:105FD0002075706C6F6164206661696C65640D0A80
:105FE000000000000FB4054B10B503A9044A029845
:105FF00000F06EFC10BC5DF814FB00009D72000800
:10600000780100200FB47CB50C0009AD01D0611EF1
:1060100000E00021CDE90001064B6A4629460898B8
:1060200000F056FC002C02D0009A002111707CBCBC
:106030005DF814FBD76F00080FB4084B10B504A926
:1060400002AA039800F044FC044602A9002000F0D4
:10605000CDFF204610BC5DF814FB0000ED6F00087A
:1060600037B514460846064B6A46214600F030FC18
:1060700004466946002000F0B9FF20463EBD0000FE
:10608000ED6F0008490050EAC12018BF04204A0DF6
:1060900018BF40F0010040F2FF72B2EB515F08BF41
:1060A00040F00200012808BF0520704741000802A7
:1060B00018BF04200A0E18BF40F001004FF07F42C5
:1060C00032EA010108BF40F00200012808BF0520A4
:1060D000704700002DE9F74F144694B00021C4E941
:1060E00002111599079121F00045C9498D4206DC3E
:1060F0001599C4E9000117B00020BDE8F08FC5492B
:10610000DFF814A3A9423CDD0799C44E0029C44F0F
:10611000C44A1599534619DDFAF72FFB554506D0A9
:10612000C14AC24BFAF729FBC4E900010AE04FF06B
:10613000D352BE4BFAF721FB32463B46FAF71DFB22
:10614000C4E9000117B00120BDE8F08FFAF774FA36
:10615000554506D0B44AB54BFAF76EFAC4E90001CA
:106160000AE04FF0D352B14BFAF766FA32463B469B
:10617000FAF762FAC4E9000117B04FF0FF30BDE84A
:10618000F08FAB49A942159978DB21F00041834695
:106190008846A84AA84BFAF7F6FA0022A74BFAF766
:1061A0004BFAFAF716FC0990FAF7DCFB06460F46A5
:1061B0009C4A5346FAF7E7FA43465A46FAF7E0FA9A
:1061C00080468A46984A994B30463946FAF7DBFAB8
:1061D0002A0D01250B9242465346FAF7D1FA032DB8
:1061E000C4E9000139D00B98C1F30A51401A05EBFC
:1061F00045111139814230DA9148C346784400EBA9
:106200000510CDF80CA00C90D0E90023304639469B
:10621000FAF7B9FA02460B460491069058460399DC
:10622000FAF7ABFA80468A4602460B46584603996F
:10623000FAF7A3FA049B069AFAF79FFA83460C989A
:1062400003913946D0E902233046FAF79CFA5A46C0
:10625000039BFAF792FA6D1CBDE707980028A2BFCE
:10626000099817B0BDE8F08F616881F00041616066
:10627000099817B04042BDE8F08FFFE784461598B3
:10628000C1F31301C0F30A50A0F2F5304FEA6018D1
:1062900000F01F06C6F12000139000200690079022
:1062A00041F4801E05206D4676B1664A08EB000178
:1062B0007A4452F8213002EB8101B3404A681399C5
:1062C00022FA01F1194305E05F4908EB0002794425
:1062D00051F82210A1FB0E27A1FB0C131A449A427D
:1062E00034BF0123002303EB070A05EB8003D3E946
:1062F00001B70F448F4234BF0121002193448B44E6
:1063000011B1934502D903E0934501D2012100E088
:106310000021C3E901B7514445F82010011EA0F146
:106320000100C1DC0298059F00F10050800F12901F
:106330000298DDE903568000FAF714FB83462846ED
:106340000D91FAF720FB6FF01D02FAF78BFFCDE9F4
:106350000E013046FAF717FB6FF03D02FAF782FFA5
:1063600080468A463846FAF70EFB6FF05D02FAF770
:1063700079FF0746424653461191FAF75DF9DDE988
:106380000E23FAF759F95A460D9BFAF755F90025ED
:106390000E465A4628460D9BFAF7EFF9DDE90E2323
:1063A000FAF7EBF942465346FAF7E7F93A46119BFA
:1063B000FAF7E6F9DFF898A0244A5346FAF7E3F92A
:1063C00007468846234A244B31462846FAF7DBF92C
:1063D0003A464346FAF730F9074688464FF0A84256
:1063E000534631462846FAF7CEF93A464346FAF77D
:1063F00023F9159A12F0004F04D0129A81F000414F
:1064000052421292C4E90001129817B0BDE8F08F11
:10641000FB21E93F7CD90240FB21F93F7370032E39
:106420008A19A33B000040543163621A61B4D03D25
:10643000FB21394183C8C96D305FE43F0000E03F74
:1064400028570000A456000086560000182D44541A
:10645000FB21F93D3326A611460B113C2DE9FF4DDA
:1064600021F0004807460C46B8F1795F08DAFAF7E0
:10647000B0FA002801BF0020324904B0BDE8F08D19
:106480003A46234610461946FAF77DF90546024674
:106490002D480E460B460621784400F05DF82A464A
:1064A0003346FAF770F9DDE9022382468B46384617
:1064B0002146FAF768F904460F4652465B462846DD
:1064C0003146FAF760F922463B46FAF756F9074695
:1064D0008A464FF0FF3228463146FAF7C3FE1B4A80
:1064E00090450ADA3A465346FAF747F904B00022D3
:1064F000BDE8F04D134BFAF743B9154A4245A8BF22
:10650000A8F500154FF00004B8BF124D22462B46E7
:10651000FAF733F90646884622462B4600200949F9
:10652000FAF72BF904460D463A46534630464146A3
:10653000FAF723F904B022462B46BDE8F04DFAF7EE
:106540001FB900000000F03F5C5400003333D33F1C
:106550000000E93F0000D23F2DE9F0414F1E00EB63
:10656000C7010446D1E9000115461E4637F0060270
:106570000DD02A463346FAF706F97F1E04EBC7030F
:10658000D3E90023FAF758F837F00602F1D1022FC9
:1065900025D0042F13D0062F18BFBDE8F0812A465E
:1065A0003346FAF7F0F8D4E90A23FAF745F82A4611
:1065B0003346FAF7E8F8D4E90823FAF73DF82A4613
:1065C0003346FAF7E0F8D4E90623FAF735F82A4615
:1065D0003346FAF7D8F8D4E90423FAF72DF82A4617
:1065E0003346FAF7D0F8D4E90223FAF725F82A4619
:1065F0003346FAF7C8F8D4E90023BDE8F041FAF7CA
:106600001BB800002DE9FF4D054621F0004084B085
:106610000C46B0F1795F0BDA2846FFF733FD04280A
:1066200008BF00F06FF8284608B02146BDE8F08D9D
:106630002A460B461046FAF7A6F806460F462A46A3
:106640002346FAF7A0F8804626488A4632463B465B
:1066500005217844FFF780FF83461098029160B3CC
:10666000214A224B40465146FAF78DF8CDE9000108
:106670005A4640465146029BFAF785F882468846BC
:10668000DDE906014FF0FF32FAF7ECFD52464346D2
:10669000FAF773F832463B46FAF775F8DDE9062358
:1066A000FAF76BF8DDE90023FAF767F808B02A4635
:1066B0002346BDE8F04DFAF763B80B465A4630461C
:1066C0003946FAF760F8084A084BF9F7B5FF424631
:1066D0005346FAF758F808B02A462346BDE8F04D6D
:1066E000F9F7AABF9A530000495555555555C5BFEE
:1066F0000122FAF7B7BD0022134610461146FAF7F9
:10670000B4B80000024A00201107FAF7ABBD000040
:1067100001FDFFFFF9F7C8BE6FF05E010807FAF749
:1067200095BD02E008C8121F08C1002AFAD17047BF
:106730007047002001E001C1121F002AFBD1704701
:1067400001490860704700007C0100202DE9FF5FCF
:1067500082B00021DDE90430020DDDF840B00343D2
:1067600018D044F61050A2F2FF324243151411988B
:1067700001281FD0A5EB0B00401C5FEA000A4FF078
:1067800000064E4FDFF83891B046504615D5CAF195
:10679000000413E0119801244AA3012801D16FEAF3
:1067A0000B010298119AC0E90031C0E9024206B01B
:1067B000BDE8F09FCBF10000DFE704460021404A2E
:1067C000491842EB0450CDE9001012E0E00707D071
:1067D00032463B4640464946F9F7D5FF8046894652
:1067E00032463B4610461946F9F7CDFF06460F469E
:1067F0006410002CEAD1DDE90401DDE90023BAF1DF
:10680000000F06DAF9F7BFFF42464B46F9F7BBFF28
:1068100005E0FAF72AF842464B46FAF726F804460E
:106820000E460022284BFAF737F903D84FF0FF3015
:10683000014607E00022254B20463146F9F7FCFED1
:10684000FAF73BFB102409E0002C0ADB0A220023A4
:10685000FAF780F9039B30321A55641E50EA0102A0
:10686000F2D1641C039AC4F111031444119A012A51
:1068700003D0012208430DD10AE0084304D00020D0
:106880004FF0110B119072E7A3EB0B056D1E0DE09D
:106890005B4504DD4FF0000205F1010504E003DA79
:1068A0004FF00002A5F10105002AECD002981199E1
:1068B000C0E90231C0E9004579E70000000014405A
:1068C0000000F03F300000000000F0430000E03F17
:1068D0002DE9FF4F95B09A46884606460025EEE121
:1068E000252877D100242746F94A0121039400E0A6
:1068F000044316F8013F203B01FA03F01042F7D1A0
:1069000030782A2811D06FF02F033078A0F13002B0
:10691000092A16D8039A44F0020402EB820203EB20
:1069200042021044761C0390EFE758F8042B0392C0
:10693000002A03DA504244F40054039044F0020465
:10694000761C30782E2816D116F8010F44F0040476
:106950002A280DD06FF02F023078A0F13003092BD8
:1069600009D807EB870302EB4303C718761CF3E74C
:1069700058F8047B761C30786C280FD006DC4C2845
:1069800017D068280DD06A2814D104E0742810D0DC
:106990007A280FD10DE044F400140AE044F4801486
:1069A00001E044F440147278824202D104F580146C
:1069B000761C761C307866280BD013DC582877D0EC
:1069C00009DC002875D04528F6D04628F4D04728A1
:1069D0001AD193E118E0632835D0642879D065286E
:1069E00012D18BE1702873D008DC6728F1D06928B8
:1069F0006FD06E280DD06F2806D1ACE073282CD054
:106A0000752874D0782853D05246179990476D1C3A
:106A100054E1C4F30250022809D003280DD0D8F85D
:106A2000001004280DD00D6008F1040846E1D8F8E4
:106A30000010EA17C1E90052F6E7D8F800100D80FF
:106A4000F2E70D70F0E718F8041B8DF80010002035
:106A50008DF80100EB46012003E058F804BB4FF02D
:106A6000FF3061074FF0000102D40DE009F1010190
:106A70008946B9420FDA8145F8DB1BF80910002975
:106A8000F4D108E009F1010189468142FADB1BF8E3
:106A900009100029F6D103985346A0EB09072146B7
:106AA0003846179A00F080FA284400EB090507E001
:106AB00044E008E10DE01BF8010B5246179990479E
:106AC000B9F10109F7D2534621463846179AF2E048
:106AD00039E00A21C4F302524FF0000B0091022A60
:106AE00006D058F8040BC117032A09D00AE023E0A6
:106AF00008F1070020F00702F2E80201904605E0E5
:106B000000B2C117042A01D140B2C117002906DA28
:106B10000A460021404261EB02012D2202E02205DB
:106B200004D52B228DF80420012203E0E20701D0D6
:106B30002022F7E7914657E00A2100E010214FF0AC
:106B4000000B00910BE010214FF0000B44F0040407
:106B50000827009103E008204FF0000B0090C4F3D9
:106B60000252022A05D058F8040B0021032A08D04B
:106B700008E008F1070020F00702F2E80201904661
:106B800003E080B2042A00D1C0B24FF0000922070E
:106B90002AD53278702A07D0DDF800C08CF0100CAE
:106BA0005CEA0B0C05D00EE040228DF80420012297
:106BB00008E050EA010306D030238DF804308DF848
:106BC000052002229146009B83F0080353EA0B0341
:106BD0000AD150EA010201D1620705D530228DF8B1
:106BE00004204FF001097F1E3278582A04D039A2C0
:106BF0000C920CAA02920BE03BA2F9E75B46009ACA
:106C0000F9F7A8FF0C9B9B5C029A521E029213702C
:106C100050EA0102F2D1029804A9081A00F1200BEF
:106C2000600702D524F4803400E001275F4502DDCF
:106C3000A7EB0B0000E0002000EB0B010090039895
:106C40004944401A0390E00306D453462146179A5C
:106C5000039800F0A9F90544002706E001A8524670
:106C6000C05D179990476D1C7F1C4F45F6DBE00314
:106C70000CD553462146179A039800F095F9054420
:106C800004E030205246179990476D1C0099481E29
:106C900000900029F5DC08E002980299524600783D
:106CA000491C0291179990476D1CBBF10001ABF193
:106CB000010BF1DC5BE100F065F90544761C3078EE
:106CC00000287FF40DAE19B02846BDE8F08F000013
:106CD00009280100303132333435363738396162B2
:106CE0006364656600000000303132333435363776
:106CF000383941424344454600000000600700D453
:106D0000062708F1070020F00700F0E8022380467C
:106D100003F0004C5FEA0C0001D097A009E02005C9
:106D200001D596A005E0E00701D095A001E0AFF203
:106D30004C001390307823F0004365280CD006DC1B
:106D4000452809D046281DD047287FD13BE066283A
:106D500018D067287AD136E00021112F01DB1120ED
:106D600000E0781CCDE9000104A90CA8FFF7EEFCB7
:106D7000DDE90D010C9A4FF0000B07F101091092AB
:106D800000914EE04FF000400097CDE9011004A9BA
:106D90000CA8FFF7DBFCDDE90D020C9B0F994FF00F
:106DA000000B91461093009211B9791C00EB010978
:106DB000B7EB090003D4C0F1FF3B07F10109A9EBD0
:106DC0000700019042E0012F00DA01270021112F76
:106DD00001DD112000E03846CDE9000104A90CA82E
:106DE000FFF7B4FCDDE90D010C9A00914FF0000BA8
:106DF000B946109221070FD4009A4A4503DA91460A
:106E000001E0A9F10109B9F1010F05DD109AA9F11D
:106E10000101515C3029F4D0B84202DA10F1040FBC
:106E200003DA0121CDE9011010E0002803DC8344DE
:106E3000A9EB000102E0411C494500DD8946A0EBB9
:106E40000B00401C01904FF000400290200705D439
:106E50000198484502DB4FF0FF30019000208DF88B
:106E60004B0002980DF14B07B0F1004F25D00220E6
:106E70000C902B200D90029800280CDA40420290D2
:106E80002D200D9007E00A210298F9F74DFE3031D0
:106E9000029007F8011D0C99481E0C900029F2DCA5
:106EA00002980028EFD1791E0D980870307800F014
:106EB000200040F0450007F8020D11A8C01BC01DBE
:106EC00002901398007800B1012000EB09010198AD
:106ED00001EBE071029801440398401A401E0390B0
:106EE000E00306D453462146179A039800F05CF855
:106EF00005441398007818B15246179990476D1CB5
:106F0000E00323D553462146179A039800F04CF826
:106F100005441BE0BBF1000F07DB0098584504DD7A
:106F20001098179910F80B0001E01799302052467D
:106F3000904701980BF1010B401E05F101050190EE
:106F400004D12E205246179990476D1CB9F10001CB
:106F5000A9F10109DEDC05E017F8010B524617998B
:106F600090476D1C0299481E02900029F4DC53469C
:106F70002146179A03989EE62D0000002B00000082
:106F8000200000002DE9F041044600251E4617466A
:106F9000880404D405E039462020B0476D1C641EE7
:106FA000F9D52846BDE8F0812DE9F04104460025D9
:106FB0001E469046C80301D5302700E020278804EC
:106FC00004D505E041463846B0476D1C641EF9D52E
:106FD0002846BDE8F0814A68002A06D00A68531C9A
:106FE0000B6010704868401E486070470A68531C68
:106FF0000B601070704700002DE9F0474FF06842B9
:1070000002EB40030C460546B3F1654F3CBF02EB73
:107010004102B2F1654F80F0CD8000BFC0F3C7528E
:10702000C1F3C753D21A1B2A06DD10F0004F14BF5C
:1070300087488848BDE8F08712F11A0F2FDA11F05F
:10704000004F06D010F0004F0CBF83488348BDE8C6
:10705000F08721462846F9F7B1FA0646FFF726F8E9
:10706000042808BFFFF758FB2846FFF71FF805461E
:107070002046FFF71BF804463046FFF717F8042DAB
:1070800018BF052D08D1042C18BF052C04D10028E9
:1070900004BF0220FFF754FB3046BDE8F0874200F2
:1070A000B2EB410F25D910F0004F19BF6C4F6D4E58
:1070B0006D4F6E4E224685F0004415460A4680F01C
:1070C000004110460A1A5200B2F1807F3ED2484079
:1070D0006749DFF8A0A110F0004F18D04FF03F48EB
:1070E0003846F9F733FA074651463046F9F72EFA93
:1070F00017E011F0004F04BF00263746E2D010F031
:10710000004F19BF5C4F5D4E5D4F5E4EDAE74FF0AA
:107110007C583846F9F7C8F9074651463046F9F722
:10712000C3F9064641462846F9F716FA2146F9F70B
:10713000BBF9824621464046F9F70EFA2946F9F78F
:1071400008FA5146F9F73AFA044604E0214628467F
:10715000F9F734FA04460146F9F7FEF980464A4940
:10716000F9F7FAF94949F9F79FF94146F9F7F4F9BE
:107170004749F9F799F94146F9F7EEF94549F9F721
:1071800093F94146F9F7E8F94349F9F78DF90546CE
:1071900041462046F9F7E0F92946F9F7DDF931468D
:1071A000F9F782F92146F9F77FF93946BDE8F0474A
:1071B000F9F77AB94FF07F42B2EB400F28BFB2EB3C
:1071C000410F03D2BDE8F047FFF7A4BA40EA01033C
:1071D0005B0008BF44F0FF410AD0B2EB400F08BF8C
:1071E000B2EB410F06D125F0804024F080410546E6
:1071F0000C4613E7B2EB400F12BF5FEA410345F0C4
:10720000FF4004F000413FF409AFB2EB410F12BF61
:107210005FEA400205F0004044F0FF413FF4FEAE5B
:107220004A0092EA40033FF5F9AE002AACBF4FF0A6
:107230009F464FF03E563146F9F78EF905463146E6
:107240002046F9F789F9044628462146E6E600007B
:10725000DB0FC9BFDB0FC93FDB0F4940DB0F49C064
:107260000000C9BF22AAFDB90000C93F22AAFD390A
:107270000060ED3EC30ACE37000049C022AA7DBAA5
:107280000000494022AA7D3A2DAD65BD8FB8D53D9D
:107290000FB511BE61C84C3EA8AAAABE70B504467F
:1072A0000D46E0B2FDF78AF9204670BD70B5044680
:1072B0000D46A078297888422ADD2078A97888426E
:1072C00026DAE0786978884222DD6078E9788842B9
:1072D0001EDA192001F0B8FA58B1FCF7FDF90823BD
:1072E0000CA218211C20FCF7D3FEFCF759FF01F07B
:1072F0009DFA0120FAF73BFC192001F0A5FA28B10C
:10730000FCF7EAF9FCF74CFF01F090FA012070BDA0
:107310000020FCE747616D65204F76657200000034
:10732000FDF708F907A0FEF75DFEFCF707FDFCF787
:10733000D3F9FCF78FFFFEF70FF900F06FFE00BFE7
:10734000FEE70000757361727420696E69740D0A3E
:10735000000000002DE9F04105460E46164807687A
:1073600016480068001D00F043FE681C38B936B1AD
:1073700012480168091D124800F0FEFE1AE07C194F
:107380000E4800684460BC4207D20C480168091DE1
:107390000C48006800F0D6FE0CE008480168091DA2
:1073A0000948006800F0CEFE08480068844201D217
:1073B00006480460BDE8F081280100201401002087
:1073C000443600201C010020180100204401002048
:1073D00010B5044600F0E6FE22480068401C214932
:1073E00008602148006840B91F48046008460068EA
:1073F00001280DD100F0F6F90AE01C48006838B900
:1074000019480068C06AE16A884201D816480460D9
:1074100017480068401C164908601649E06A096868
:10742000884202D91349E06A0860E16A01EB8101F0
:10743000114A02EB8100211D00F09EFE00F0EAFEE1
:107440000A48006868B108480068C06AE16A884272
:1074500007D24FF0805009490860BFF34F8FBFF348
:107460006F8F10BD24010020140100203001002086
:10747000400100202C0100209035002004ED00E0A8
:1074800010B500F08FFE10480068D0B90F4800F02A
:1074900049FE0F4800F046FE0C480E4908600C48B3
:1074A0000D49086000220C210A2001F07DFA0649EE
:1074B00008600846006820B108A10348006800F091
:1074C0007DFF00F0A7FE10BD5C01002058360020B3
:1074D0006C3600205401002058010020546D725178
:1074E0000000000010B516E000F05CFE0C48C0681B
:1074F000C468201D00F07CFD0A480068401E094950
:10750000086009480068401E0749086000F082FED4
:10751000204600F05FF8044800680028E4D110BD60
:1075200030360020240100202001002070B50446E0
:107530000D46206C70B1216CE0680144E160D4E933
:107540000210884201D32168E1602846226CE1687C
:10755000F8F79CFE70BD2DE9F04104460F46154634
:107560004FF00008A66B206C48B9206800282CD189
:10757000A06801F0BBFE80460020A06025E07DB938
:107580003946226C6068F8F781FE216C6068084417
:107590006060D4E90101884217D32068606014E07C
:1075A0003946226CE068F8F771FE216CE068411AF8
:1075B000E1602168E068884203D2216CA068411A2A
:1075C000E160022D01D106B1761E701CA063404619
:1075D000BDE8F08110B50446206B00F047FE204660
:1075E00000F044FE10BD01464A6A22B10A6B1268DF
:1075F000C2F1050000E00020704700000146084A83
:10760000126812680AB9012200E000220A600A68C2
:1076100022B9034A1268D268106800E0002070475F
:107620005401002030B54FF42053174800F00704F0
:107630002CB1C01D20F00700134C041B1B1B02467D
:10764000124C22600024114D6C60D018083820F0D4
:1076500007000F4C206000240D4D2D686C600C4D10
:107660002D682C601146441A4C60094C24680C604B
:10767000084D4C682C60084D4C682C604FF000445D
:10768000064D2C6030BD0000400D0020F4000020AD
:10769000FC00002004010020000100201001002057
:1076A00000BFFFF71FFF064800680128F9D94FF017
:1076B000805004490860BFF34F8FBFF36F8FF0E72E
:1076C0009035002004ED00E010B5044654B10020D0
:1076D000A06020600021E16000231A461946204680
:1076E00001F004FA10BD2DE9F04106460D4617469B
:1076F0009846069C0DB9246000E02760E663256487
:107700000121204601F09EF9BDE8F0812DE9FF5FDF
:1077100081460E469246DDE90E7B109CAAF10100DF
:10772000216B01EB800828F0070808F0070008B972
:10773000012000E0002020B940F25E3122A000F0DC
:107740006BFC86B1002507E0715D04F13400415502
:10775000705D00B902E06D1C102DF5D300BF002153
:107760004320015502E0002084F83400052F00D3A7
:107770000427E76267640020A064201D00F0DFFC9E
:1077800004F1180000F0DBFC2461C7F10500A061E2
:107790006462142104F14C00F8F791FD002020668A
:1077A0006066A066A4F86C0084F86E004946404606
:1077B000039A00F0A5FB2060BBF1000F01D0CBF8CD
:1077C0000040BDE8FF9F000074686972645F6C69E7
:1077D000625C6672656572746F735C7461736B73FF
:1077E0002E63000010B5002407E004EB84010F4A6B
:1077F00002EB810000F096FC641C052CF5D30C48CC
:1078000000F090FC0B4800F08DFC0B4800F08AFC67
:107810000A4800F087FC0A4800F084FC0448094943
:10782000086004480849086010BD00009035002039
:10783000F4350020083600201C36002030360020A9
:1078400044360020180100201C01002010B501461C
:10785000164800E0006803688B42FBD30246436889
:1078600013448B4204D143684C682344436001466F
:107870000A464B6813440468A34211D10C4C0368B8
:107880002468A34208D04B680468646823444B60B2
:1078900003681B680B6005E0054B1B680B6001E08B
:1078A00003680B60884200D0016010BDF400002026
:1078B000FC0000202DE9F04104460D4616461F4607
:1078C0004FF0000865602461B5420CD8F01BA16937
:1078D000884202D34FF0010811E0211D09480068D9
:1078E00000F030FC0BE0BE4204D2BD4202D34FF0A8
:1078F000010804E0211D0448006800F023FC404614
:10790000BDE8F081580100205401002070B5054603
:1079100000F048FCA86B08B9012400E0002400F046
:1079200079FC204670BD70B5054600F03BFCA86BA5
:10793000E96B884201D1012400E0002400F06AFCD8
:10794000204670BDF8B505460F4617480068C06868
:10795000C468201D00F04CFB94F8240000F00400E3
:10796000B8B1A06941192B463A462046FFF7A2FF5D
:10797000A8B1002003462A4601460090204601F0A7
:107980006BFE064626B94FF4057108A000F044FBD3
:1079900005E094F8240020F0010084F8240020463B
:1079A000216A8847F8BD000054010020746869729C
:1079B000645F6C69625C6672656572746F735C7437
:1079C000696D6572732E630070B586B07EE00398B2
:1079D00000287BDB059C606908B9012000E00020DD
:1079E00010B9201D00F004FB02A800F0DDF80546E8
:1079F00003980A2868D2DFE800F0090507333B57EF
:107A00000608343C00BF00BF00BF00BF94F824004C
:107A100040F0010084F824000498A269811803460C
:107A20002A462046FFF746FFC8B12046216A88470C
:107A300094F8240000F0040088B10020009004981D
:107A4000A169421800231946204601F005FE0646AA
:107A500026B940F2363123A000F0DEFA00BF34E050
:107A600000BF94F8240020F0010084F824002CE0EA
:107A700000BF94F8240040F0010084F8240004982A
:107A8000A061A06908B1012000E0002020B940F207
:107A90004F3114A000F0C0FAA06941192B462A46C4
:107AA0002046FFF707FF10E094F8240000F00200E2
:107AB00018B9204600F0DAFB05E094F8240020F025
:107AC000010084F8240000E000BF00BF002203A9E9
:107AD0000B48006801F05AF900287FF478AF06B02F
:107AE00070BD000074686972645F6C69625C667284
:107AF000656572746F735C74696D6572732E630073
:107B00005C010020F8B505460C4600F0FFFD684614
:107B100000F04AF80646009820BB44B9B54206D8A2
:107B200001F0DEFC31462846FFF70CFF1CE03CB1BB
:107B30000E480068006808B9012000E000200446F3
:107B4000A91B22460A48006800F04EFC01F0C8FC60
:107B500050B94FF0805007490860BFF34F8FBFF313
:107B60006F8F01E001F0BCFCF8BD0000580100205F
:107B70005C01002004ED00E009480068006808B9D5
:107B8000012000E0002020B14FF0FF3005490860DF
:107B900005E003480068C068006802490860704753
:107BA000180100204401002070B5044601F0FAFAE3
:107BB000054607480068854204D200F00BF8012012
:107BC000206001E00020206001480560284670BD6B
:107BD000640100202DE9F8432EE022480068C068C7
:107BE000056820480068C068C468201D00F000FADD
:107BF0002046216A884794F8240000F00400D8B198
:107C0000A0694619AE4207D966602461211D154856
:107C1000006800F097FA0FE0002003462A4601466C
:107C20000090204601F018FD074627B940F2A9311F
:107C30000DA000F0F1F900BF0A480068006808B91B
:107C4000012000E000200028C7D00648D0F80080BE
:107C50000C480068034908600A48C0F80080BDE885
:107C6000F88300005401002074686972645F6C69D5
:107C7000625C6672656572746F735C74696D65725F
:107C8000732E6300580100200B480068401C08B99F
:107C9000012000E0002018B9CC2108A000F0BCF9B8
:107CA00000BF502080F31188BFF34F8FBFF36F8F59
:107CB00000BF00BFFEE70000680100207468697221
:107CC000645F6C69625C6672656572746F735C7028
:107CD0006F727461626C655C706F72742E63000009
:107CE00008B500BF6846FFF789FC044620460099A6
:107CF000FFF708FFFFF768FEF4E770B5044600F0F1
:107D000051FA94F9455010E0606A08B9012000E08A
:107D1000002038B904F1240001F08EFB18B100F006
:107D2000E3FB00E003E0681E45B2002DECDC00BF81
:107D3000FF2084F8450000F06DFA00F033FA94F962
:107D4000445010E0206908B9012000E0002048B943
:107D500004F1100001F070FB08B100F0C5FB681ED3
:107D600045B200E001E0002DECDC00BFFF2084F80C
:107D7000440000F04FFA70BD2DE9F04104464FF089
:107D8000000800F0C3FC4648006808B9FFF74AFC49
:107D9000444800682040002871D10CB304F1080069
:107DA000A0421DD9083404F00700D0B104F0070048
:107DB000C0F108002044A04210D904F00700C0F12F
:107DC0000800044404F0070008B9012000E0002086
:107DD00038B99A2134A000F01FF902E0002400E035
:107DE0000024002C4BD03A480068844247D8394ED2
:107DF0003046056801E02E462D686868A04202D230
:107E000028680028F7D126480068854237D03068B6
:107E100000F10808286830606868001B102812D933
:107E20002F1907F0070008B9012000E0002018B959
:107E3000CD211DA000F0F0F86868001B78606C6030
:107E40003846FFF703FD224968680968081A204987
:107E500008600846006820490968884203D21C4827
:107E600000681D4908600F49686809680843686030
:107E70000020286019480068401C1849086001F07B
:107E80002FFB08F0070008B9012000E0002020B90E
:107E90004FF4877104A000F0BFF84046BDE8F081C0
:107EA000FC0000201001002074686972645F6C6936
:107EB000625C6672656572746F735C706F72746118
:107EC000626C655C686561705F342E630000000061
:107ED00000010020F400002004010020080100201F
:107EE0000648006830B10549096801F14800896C0D
:107EF000491C01600148006870470000140100201F
:107F0000001F4FF080730360001F21F00103036026
:107F1000001F034B036014380260203870470000D4
:107F2000897C000800B5254B21F0004287B09A42B9
:107F300003DC0022134600922BE0214B9A4208D129
:107F400040B94FF00100FEF7FBFBFEF7D4FB07B092
:107F500000BD03DBFEF7CCFB07B000BD02AAFEF7B5
:107F6000B9F810F003014FF001000DD0012914D031
:107F700002291AD00DF1080C9CE80F00FEF76EFAEA
:107F800007B081F0004100BD0DF1080C00909CE8A5
:107F90000F00FEF737FB07B000BD0DF1080C9CE8A1
:107FA0000F00FEF75BFA07B000BD0DF1080C009062
:107FB0009CE80F00FEF726FBE2E70000FB21E93F0B
:107FC0000000F07F70B50546F8F7EBFE044620F0A0
:107FD0000040C0F1FF40C00F08D025F00040C0F1C4
:107FE000FF40C00F04BF0120FEF7AAFB204670BD72
:107FF00001460A69D1E901309860D1E9010358606E
:108000005068884201D1886850600020086110687B
:10801000401E106010687047704700001CB50022B9
:1080200001210A2000F0C0FC1B4908600022012148
:10803000052000F0B9FC1949086000F0A9F81848BB
:10804000032100238022CDE9001016A1174801F07A
:1080500069F80020012103460A02CDE9001014A1AD
:10806000154801F05FF81548022100234FF44072D3
:10807000CDE9001012A1144801F054F800200121AC
:1080800003464A02CDE9001010A1124801F04AF857
:1080900000F0E6FA1CBD0000E0000020E400002033
:1080A000E80000204B65795461736B00D9800008AB
:1080B00053656E736F72000033840008EC0000207B
:1080C00055495461736B0000BD87000857694669C4
:1080D00000000000D987000808B500BFFAF746FC89
:1080E00000909DF80000A0B19DF80000042809D17F
:1080F000C1020A48FAF746FA4FF480510748FAF7E6
:1081000043FA06E000235A1E69460548006800F05D
:10811000EDFC022000F0A6F9E0E70000000C0140B1
:10812000E000002000F1080141604FF0FF31816064
:1081300000F10801C1600161002101607047002168
:108140000161704710B502460B685C1C0CB91069E0
:1081500007E002F1080000E04068446824689C429F
:10816000FAD944684C604C68A160886041600A613B
:108170001468641C146010BD42684A6093688B6088
:10818000936859609160086103685B1C03607047E5
:1081900010B5012000F0F6FB0149086010BD000099
:1081A000DC00002010B500BF502080F31188BFF321
:1081B0004F8FBFF36F8F00BF0B480068401C0A4908
:1081C00008600846006801280CD108480068C0B261
:1081D00008B9012000E0002020B940F2711104A08C
:1081E000FFF71AFF10BD00006801002004ED00E059
:1081F00074686972645F6C69625C667265657274EA
:108200006F735C706F727461626C655C706F7274B6
:108210002E63000010B50B48006820B94FF4BC7104
:1082200009A0FFF7F9FE07480068401E05490860ED
:108230000846006820B9002080F3118800BF00BF05
:1082400010BD00006801002074686972645F6C6989
:10825000625C6672656572746F735C706F72746174
:10826000626C655C706F72742E63000070B50646B8
:108270003546002E38D0083D2C461C4960680968F8
:10828000084008B1012000E0002020B94FF49171AE
:1082900017A0FFF7C1FE206808B9012000E0002008
:1082A00020B940F2231112A0FFF7B6FE0F49606813
:1082B00009680840C0B12068B0B90C496068096815
:1082C0008843606000F022FA134960680968084436
:1082D000114908602046FFF7B9FA10480068401CB1
:1082E0000E49086001F0FCF870BD0000100100208C
:1082F00074686972645F6C69625C667265657274E9
:108300006F735C706F727461626C655C68656170DC
:108310005F342E6300000000000100200C010020EB
:1083200000204FF0E0210861886102484861072081
:1083300008617047FF64040070B5F7F72BFF05462E
:10834000102D10D305F1E02090F8F0430F4800788D
:10835000844201DB012000E0002020B940F2B92175
:108360000BA0FFF759FE1348006800F4E0601249C3
:108370000968884201D8012000E0002020B940F2BD
:10838000C92103A0FFF748FE70BD00006C0100206A
:1083900074686972645F6C69625C66726565727448
:1083A0006F735C706F727461626C655C706F727415
:1083B0002E6300000CED00E070010020024600205A
:1083C0000BE0084B53F8303033B9064B43F830100C
:1083D00003EBC0035A6002E0401C0A28F1D300BF3F
:1083E00070470000403500202DE9F04105460E465B
:1083F00017462C46FFF7D6FE94F94400401C10B9EE
:10840000002084F8440094F94500401C10B9002075
:1084100084F84500FFF7FEFEA06B28B93A463146C6
:1084200004F1240000F08AF82046FFF766FCBDE85E
:10843000F081F9F721F9F9F711FA00F0B3FE0446DB
:1084400000BFFAF7D5FB00F0ADFE001BFA2804D3FD
:10845000F9F704FA00F0A6FE0446052000F002F841
:10846000EFE7000070B504460025A4B10F4800688E
:1084700008B9012000E0002020B940F246510CA0CC
:10848000FFF7CAFD00F042F900212046FEF762FF27
:1084900001F026F805463DB94FF080500B490860C1
:1084A000BFF34F8FBFF36F8F70BD000050010020EE
:1084B00074686972645F6C69625C66726565727427
:1084C0006F735C7461736B732E63000004ED00E0E6
:1084D0000349096801600349096841607047000069
:1084E0003C0100202801002001200149086070475C
:1084F0003801002070B504460D4624B940F61841F5
:1085000006A0FFF789FD0C48016818312046FFF7E7
:1085100019FE01212846FEF71DFF70BD74686972BF
:10852000645F6C69625C6672656572746F735C74BB
:1085300061736B732E6300001401002070B5054653
:108540000E46144625B940F6474108A0FFF764FDE2
:108550000D48016818312846FFF70EFE0CB14FF0A8
:10856000FF3621463046FEF7F5FE70BD746869722D
:10857000645F6C69625C6672656572746F735C746B
:1085800061736B732E630000140100202DE9F04726
:1085900006460F4634464FF00109002E49D0A06C24
:1085A00020B941F2960124A0FFF736FD606CB84275
:1085B00001D23D4600E0656CE06AA84239D0A06C6B
:1085C000012836D123480068844201D0012000E010
:1085D000002020B941F2B10117A0FFF71DFDD4F82A
:1085E0002C80E562A06900F0004010B9C5F10500DB
:1085F000A06108EB8801184A02EB8101606988429A
:1086000001D1012000E0002098B1201DFFF7F0FC0F
:108610001249E06A0968884202D91049E06A086094
:10862000E16A01EB81010C4A02EB8100211DFFF799
:10863000A3FDBDE8F087000074686972645F6C692F
:10864000625C6672656572746F735C7461736B7380
:108650002E63000014010020903500202C01002022
:108660001CB51B4800210B468022CDE9001019A142
:108670001A4800F057FD0446012C02D100F0BAFF61
:108680000446012C15D100BF502080F31188BFF3A0
:108690004F8FBFF36F8F00BF4FF0FF30104908605E
:1086A00001201049086000200F49086000F0DCF844
:1086B0000AE0601C08B1012000E0002020B940F66B
:1086C0003D010AA0FFF7A8FC0F4800681CBD000090
:1086D0004801002049444C4500000000A1760008F4
:1086E00044010020300100202801002074686972D4
:1086F000645F6C69625C6672656572746F735C74EA
:1087000061736B732E6300004C0100200248006807
:10871000401C0149086070475001002010B51B48FB
:10872000006818B101201A4908602EE0002018499D
:1087300008601848046806E024B940F6FE3116A027
:10874000FFF76AFC641E04EB84001A4951F820000C
:1087500008B9012000E000200028EDD104EB8401DD
:10876000144A02EB810041684968416000F1080148
:1087700042688A4202D14168496841604168C968DB
:108780000D4A11600348046000BF10BD5001002075
:10879000380100202C01002074686972645F6C69E4
:1087A000625C6672656572746F735C7461736B731F
:1087B0002E630000903500201401002000BFF9F75F
:1087C000D7FD0446012C02D1FAF708FCF7E7022C8A
:1087D000F5D1FCF759F8F2E7FA20FFF743FE0EA0B7
:1087E000FDF700FC0120FDF77FF841F69070FDF7E2
:1087F000ABF900F0D7FC054600BFFDF74BF900F0E0
:10880000D1FC0446601BFA2802D3FDF7B5FB2546D0
:108810000C20FFF727FEF0E757694669207465735F
:10882000742073746172740D0A00000010B505485D
:10883000006830B100231A4619460248006800F06B
:1088400055F910BDDC00002010B50446054800684D
:1088500008B9002010BD21460248006800F046FB20
:10886000F8E70000DC0000201CB52B4C2046007807
:108870000190FF20214608700846007800909DF87E
:10888000000000F0F0009DF80010884201D10120A6
:1088900000E0002020B940F21D1120A0FFF7BCFB32
:1088A0009DF8000000F05000254908700720254978
:1088B000086009E023480068401E224908609DF8CE
:1088C00000004006000E00909DF8000000F08000BF
:1088D0008028EFD01B48006800021A49086008464B
:1088E000008800F4E06008600B49019808701648A1
:1088F000006840F47000144908600846006840F0C1
:1089000070400860FFF70CFD002010490860F7F781
:108910000BFC00201CBD000000E400E074686972DC
:10892000645F6C69625C6672656572746F735C70BB
:108930006F727461626C655C706F72742E6300009C
:108940006C0100207001002020ED00E06801002093
:1089500010B500BF502080F31188BFF34F8FBFF3D5
:108960006F8F00BF00F024FC18B14FF08050044915
:10897000086000BF002080F3118800BF10BD000018
:1089800004ED00E02DE9F0410446012600272246CF
:108990000021012000F008F805462846FEF794FE65
:1089A0002846BDE8F08100002DE9F84306460F4651
:1089B00090460EB1012000E0002020B94FF4C371B1
:1089C00019A0FFF729FB06FB07F51FB1B5FBF7F070
:1089D000B04201D1012000E0002020B94FF4C7715E
:1089E00011A0FFF719FB05F14800A84201D90120A9
:1089F00000E0002020B940F291110BA0FFF70CFB22
:108A000005F14800FFF7B8F904464CB1A14609F159
:108A1000480943464A46394630460094FEF763FE0D
:108A20002046BDE8F883000074686972645F6C6971
:108A3000625C6672656572746F735C71756575658D
:108A40002E63000070B505460E462C4624B940F250
:108A50000D111EA0FFF7E0FAFFF7A4FBD4E90F12F7
:108A6000206801FB0200A0600020A0632068606015
:108A7000E06B401E226C216800FB0211E160FF20C8
:108A800084F8440084F845009EB9206908B90120A3
:108A900000E00020A8B904F1100000F0CDFC80B186
:108AA0004FF0805010490860BFF34F8FBFF36F8FB6
:108AB00007E004F11000FFF735FB04F12400FFF795
:108AC00031FBFFF7A7FB012070BD000074686972DD
:108AD000645F6C69625C6672656572746F735C7109
:108AE000756575652E63000004ED00E02DE9FF4318
:108AF00083B0064688461D464FF00009344624B927
:108B00004FF4437156A0FFF787FAB8F1000F01D177
:108B1000206C08B9012000E0002020B940F20D319E
:108B20004FA0FFF779FA022D02D1E06B012801D1A5
:108B3000012000E0002020B940F20E3148A0FFF7EC
:108B40006BFA00F01FFB08B9059808B9012000E096
:108B5000002020B940F2113141A0FFF75DFA00BFBB
:108B6000FFF720FBA06BE16B884201D3022D28D1D7
:108B70002A4641462046FEF7EEFC0746606A08B9E1
:108B8000012000E0002068B904F1240000F054FC4A
:108B900088B14FF0805039490860BFF34F8FBFF361
:108BA0006F8F08E03FB14FF0805034490860BFF349
:108BB0004F8FBFF36F8FFFF72DFB012007B0BDE88C
:108BC000F083059818B9FFF725FB0020F6E7B9F107
:108BD000000F04D101A8FFF77BFC4FF00109FFF75C
:108BE00019FBFFF793FDFFF7DDFA94F94400401CF1
:108BF00010B9002084F8440094F94500401C10B9D5
:108C0000002084F84500FFF705FB05A901A800F046
:108C10003FFAF0B92046FEF786FEA0B104F110003D
:108C20000599FFF767FC2046FFF767F800F058FC4E
:108C3000002895D14FF0805010490860BFF34F8F46
:108C4000BFF36F8F8CE72046FFF757F800F048FC22
:108C500086E72046FFF751F800F042FC0020ADE720
:108C600074686972645F6C69625C6672656572746F
:108C70006F735C71756575652E63000004ED00E02F
:108C80002DE9F84F07468B4690461E463C4624B9D0
:108C90004FF4787136A0FFF7BFF9BBF1000F01D197
:108CA000206C08B9012000E0002020B940F2E13139
:108CB0002FA0FFF7B1F9022E02D1E06B012801D1FC
:108CC000012000E0002020B940F2E23128A0FFF7A7
:108CD000A3F9FFF731FB00BF5021EFF3118081F3BF
:108CE0001188BFF34F8FBFF36F8F00BF0546A06B96
:108CF000E16B884201D3022E31D194F945A0A06BDB
:108D00000090324659462046FEF725FC0AF1010044
:108D100088B9606A08B9012000E0002050B904F168
:108D2000240000F089FB28B1B8F1000F02D0012027
:108D3000C8F8000010E0BAF17F0F01D0012000E078
:108D4000002020B940F26B4109A0FFF765F90AF154
:108D5000010040B284F845004FF0010901E04FF0F6
:108D6000000900BF85F3118800BF4846BDE8F88FB1
:108D700074686972645F6C69625C6672656572745E
:108D80006F735C71756575652E6300002DE9F741A1
:108D900083B005460E464FF000082C4624B940F239
:108DA0002F514AA0FFF738F90EB9206C08B90120FD
:108DB00000E0002020B940F2335144A0FFF72CF925
:108DC00000F0E0F908B9059808B9012000E000209A
:108DD00020B94FF4A7613DA0FFF71EF900BFFFF7D0
:108DE000E1F9A76BF7B131462046FEF79FFB781EED
:108DF000A063206908B9012000E0002060B904F1F7
:108E0000100000F019FB38B14FF08050364908606F
:108E1000BFF34F8FBFF36F8FFFF7FCF9012006B050
:108E2000BDE8F081059818B9FFF7F4F90020F6E7DE
:108E3000B8F1000F04D101A8FFF74AFB4FF0010879
:108E4000FFF7E8F9FFF762FCFFF7ACF994F944008B
:108E5000401C10B9002084F8440094F94500401CDF
:108E600010B9002084F84500FFF7D4F905A901A83E
:108E700000F00EF9F0B92046FEF748FDA0B104F16C
:108E800024000599FFF736FB2046FEF736FF00F079
:108E900027FB0028A3D14FF0805013490860BFF38F
:108EA0004F8FBFF36F8F9AE72046FEF726FF00F043
:108EB00017FB94E72046FEF720FF00F011FB204649
:108EC000FEF724FD00288AD00020A8E774686972A4
:108ED000645F6C69625C6672656572746F735C7105
:108EE000756575652E63000004ED00E02DE9F34122
:108EF00082B005464FF000082C46002624B940F207
:108F0000C1515BA0FFF788F8206C08B9012000E090
:108F1000002020B940F2C55155A0FFF77DF800F0C0
:108F200031F908B9039808B9012000E0002020B900
:108F300040F2CA514EA0FFF76FF800BFFFF732F9B9
:108F4000A76BFFB1781EA063206810B9FEF7C8FFB9
:108F5000A060206908B9012000E0002060B904F198
:108F6000100000F069FA38B14FF0805047490860AE
:108F7000BFF34F8FBFF36F8FFFF74CF9012004B0A1
:108F8000BDE8F081039868B90EB9012000E0002027
:108F900020B94FF4C26136A0FFF73EF8FFF73AF967
:108FA0000020ECE7B8F1000F04D16846FFF790FA13
:108FB0004FF00108FFF72EF9FFF7A8FBFFF7F2F8D3
:108FC00094F94400401C10B9002084F8440094F93E
:108FD0004500401C10B9002084F84500FFF71AF93D
:108FE00003A9684600F054F840BB2046FEF78EFC0B
:108FF000F0B1206838B9FFF7D5F8A06800F0CAF9D9
:109000000646FFF707F904F124000399FFF772FA07
:109010002046FEF772FE00F063FA00288ED14FF072
:1090200080501A490860BFF34F8FBFF36F8F85E7F9
:109030002046FEF762FE00F053FA7FE72046FEF777
:109040005CFE00F04DFA2046FEF760FC0028EED0F2
:109050005EB1FFF7A7F82046FEF7C5FA0746394686
:10906000A068FFF793FAFFF7D5F8002087E7000024
:1090700074686972645F6C69625C6672656572745B
:109080006F735C71756575652E63000004ED00E01B
:1090900070B505460C4625B940F6F24118A0FEF71A
:1090A000BBFF24B940F6F34115A0FEF7B5FFFFF76B
:1090B00079F81A48036868681A1A2068401C08B9C9
:1090C000002619E0164928680968884206D06868B1
:1090D000984203D80126002020600DE020689042CD
:1090E00007D92068801A20602846FFF7F1F900268A
:1090F00002E0002020600126FFF78CF8304670BDAA
:1091000074686972645F6C69625C667265657274CA
:109110006F735C7461736B732E6300002801002011
:109120003C0100202DE9FF4F85B080468946174657
:10913000DDE912ABB800FEF71FFE064656B17020FF
:10914000FEF71AFE04460CB1266304E03046FFF732
:109150008DF800E000247CB10020CDE900ABCDE922
:1091600002403A4649464046089BFEF7CFFA204661
:10917000FEF72EF9012501E04FF0FF35284609B032
:10918000BDE8F08F0549096809B9012005E00449E7
:10919000096809B9022000E0002070473001002072
:1091A0005001002001490868704700002801002094
:1091B0002DE9F0414FF000083A480068002868D1D6
:1091C00039480068451C38480560E5B937480068EB
:1091D000006808B9012000E0002020B940F6C32152
:1091E00033A0FEF719FF31480768384800682F4957
:1091F00008603648076036480068401C34490860FB
:10920000FEF7BAFC00BF3348006885423BD300BF7D
:1092100026480068006808B9012000E0002020B15D
:109220004FF0FF302B4908602CE020480068C068F0
:10923000C4686668B54202D22648066022E0201D56
:10924000FEF7D6FEA06A18B104F11800FEF7D0FEB2
:109250002149E06A0968884202D91F49E06A08602A
:10926000E16A01EB81011D4A02EB8100211DFEF73D
:1092700083FF1B49E06A0968C96A8842C8D34FF076
:109280000108C5E700BF1748006808B14FF00108A2
:1092900004E015480068401C134908604046BDE8DA
:1092A000F08100005001002028010020180100205A
:1092B00074686972645F6C69625C66726565727419
:1092C0006F735C7461736B732E6300001C0100206C
:1092D0003C010020440100202C010020903500209A
:1092E00014010020380100203401002070B505462B
:1092F0002C460026002D37D01C480068844201D13E
:10930000012000E0002020B941F2460118A0FEF73C
:1093100083FEA06C20B941F2470115A0FEF77CFE48
:10932000A06C401EA064616CE06A88421CD0A06CF6
:10933000D0B9201DFEF75CFE606CE062E06AC0F10F
:109340000500A0611149E06A0968884202D90F4905
:10935000E06A0860E16A01EB81010D4A02EB8100DD
:10936000211DFEF709FF0126304670BD14010020C3
:1093700074686972645F6C69625C66726565727458
:109380006F735C7461736B732E6300002C0100209B
:109390009035002070B505462C460026002D42D0A1
:1093A0002249E06A0968C96A884235D2A06900F09A
:1093B000004028B91D480068C06AC0F10500A061DE
:1093C000E16A01EB81011A4A02EB8101606988427E
:1093D00001D1012000E00020C0B1201DFEF708FEF1
:1093E00012480068C06AE0621249E06A096888426F
:1093F00002D91049E06A0860E16A01EB81010C4A78
:1094000002EB8100211DFEF7B7FE03E0074800686C
:10941000C06AE062012606E00449606C0968C96A16
:10942000884200D20126304670BD000014010020A1
:10943000903500202C01002070B50646F068C46805
:1094400024B940F6774119A0FEF7E6FD04F11800B3
:10945000FEF7CEFD1C480068A0B9201DFEF7C8FD30
:109460001A49E06A0968884202D91849E06A086026
:10947000E16A01EB8101164A02EB8100211DFEF732
:109480007BFE04E004F118011248FEF775FE124954
:10949000E06A0968C96A884204D9012501200F4998
:1094A000086000E00025284670BD000074686972FD
:1094B000645F6C69625C6672656572746F735C741C
:1094C00061736B732E630000500100202C0100209B
:1094D000903500201C3600201401002038010020A7
:1094E00070B5002400263348006820B94FF40B61A2
:1094F00031A0FEF791FDFEF755FE2E480068401E94
:109500002C4908600846006800284ED131480068A0
:1095100000284AD023E03048C068C46804F118002D
:10952000FEF766FD201DFEF763FD2C49E06A096821
:10953000884202D92949E06A0860E16A01EB8101A9
:10954000274A02EB8100211DFEF716FE2549E06A3D
:109550000968C96A884202D30120234908601E486D
:10956000006808B9012000E000200028D3D00CB129
:10957000FEF702FB1D48056865B100BFFFF718FE46
:1095800010B10120184908606D1E002DF6D1002091
:10959000164908601448006838B10126300714499C
:1095A0000860BFF34F8FBFF36F8FFEF733FE304677
:1095B00070BD00005001002074686972645F6C69BE
:1095C000625C6672656572746F735C7461736B73F1
:1095D0002E630000240100201C3600202C010020F6
:1095E00090350020140100203801002034010020B3
:1095F00004ED00E01CB50024FDF742FF0A480068B6
:1096000050B10A48032100238022CDE9001008A1AF
:109610000948FFF787FD044624B940F20D1107A061
:10962000FEF7FAFC20461CBD5C0100206001002012
:10963000546D722053766300E17C0008746869728F
:10964000645F6C69625C6672656572746F735C748A
:10965000696D6572732E63002DE9FE4304460D4665
:1096600016461F46DDF828804FF0000924B94FF454
:10967000C17116A0FEF7D0FC1B48006810B300951E
:1096800001960294062D15DAFFF77CFD022808D119
:1096900000234246694614480068FFF727FA8146CE
:1096A00010E000231A4669460F480068FFF71EFACB
:1096B000814607E000233A4669460B480068FFF7F9
:1096C000DFFA81464846BDE8FE830000746869728F
:1096D000645F6C69625C6672656572746F735C74FA
:1096E000696D6572732E63005C010020000000004C
:1096F000000000000000000000000000000000F872
:1097000000000000000000333000000000160E00D2
:10971000160E0000000000000000000040C078406D
:10972000C0784000043F04043F040400007088FC3B
:1097300008300000001820FF211E0000F008F00093
:10974000E018000000211C031E211E0000F0088804
:10975000700000001E21232419272110000000168C
:109760000E0000000000000000000000000000E00B
:10977000180402000000000718204000000204182E
:10978000E00000000040201807000000404080F08A
:10979000804040000202010F01020200000000F0C0
:1097A000000000000101011F010101000000000094
:1097B0000000000000B07000000000000000000089
:1097C0000000000000010101010101010000000092
:1097D0000000000000303000000000000000000029
:1097E00080601804006018060100000000E0100806
:1097F0000810E000000F102020100F00001010F8DB
:10980000000000000020203F202000000070080819
:109810000888700000302824222130000030088899
:10982000884830000018202020110E000000C020C1
:1098300010F8000000070424243F240000F80888E2
:10984000880808000019212020110E0000E010886F
:1098500088180000000F112020110E0000380808A1
:10986000C83808000000003F0000000000708808B1
:1098700008887000001C222121221C0000E0100832
:109880000810E0000000312222110F00000000C08B
:10989000C00000000000003030000000000000C0E8
:1098A000C0000000000080B0700000000000804098
:1098B0002010080000010204081020004040404031
:1098C0004040400004040404040404000008102084
:1098D00040800000002010080402010000704808C9
:1098E0000808F0000000003036010000C030C82831
:1098F000E810E0000718272423140B000000C038EC
:10990000E0000000203C23020227382008F8888865
:1099100088700000203F202020110E00C030080871
:1099200008083800071820202010080008F8080848
:109930000810E000203F202020100F0008F8888841
:10994000E8081000203F20202320180008F888880D
:10995000E8081000203F200003000000C030080885
:109960000838000007182020221E020008F808000E
:109970000008F808203F210101213F20000808F8D5
:10998000080800000020203F2020000000000808F8
:10999000F8080800C08080807F00000008F888C0B8
:1099A00028180800203F20012638200008F8080069
:1099B00000000000203F20202020300008F8F800A0
:1099C000F8F80800203F003F003F200008F830C0B2
:1099D0000008F808203F200007183F00E0100808A2
:1099E0000810E0000F10202020100F0008F80808D1
:1099F0000808F000203F210101010000E0100808E4
:109A00000810E0000F18242438504F0008F8888808
:109A100088887000203F2000030C302000708808E8
:109A2000080838000038202121221C00180808F8F6
:109A3000080818000000203F2000000008F8080077
:109A40000008F808001F202020201F000878880048
:109A500000C83808000007380E010000F80800F8B8
:109A60000008F800033C0700073C03000818688062
:109A70008068180820302C03032C30200838C800D8
:109A8000C83808000000203F200000001008080827
:109A9000C83808002038262120201800000000FEC9
:109AA000020202000000007F40404000000C30C075
:109AB00000000000000000010638C00000020202A1
:109AC000FE000000004040407F0000000020100821
:109AD000040810200000000000000000000000004A
:109AE0000000000080808080808080800002040868
:109AF0000000000000000000000000000000808066
:109B0000808000000019242222223F2008F80080D3
:109B100080000000003F112020110E000000008096
:109B200080800000000E1120202011000000008025
:109B30008088F800000E112020103F200000808057
:109B400080800000001F222222221300008080F06B
:109B5000888888180020203F202000000000808096
:109B600080808000006B94949493600008F80080DB
:109B700080800000203F210000203F200080989836
:109B8000000000000020203F202000000000008096
:109B90009898000000C08080807F000008F80000D6
:109BA00080808000203F24022D302000000808F82B
:109BB000000000000020203F2020000080808080E6
:109BC00080808000203F20003F20003F00808000F8
:109BD0008080000000203F2100203F200000808086
:109BE00080800000001F202020201F008080008037
:109BF0008000000080FFA12020110E0000000080E6
:109C000080808000000E112020A0FF8080808000D6
:109C10008080800020203F21200001000000808003
:109C2000808080000033242424241900008080E0F8
:109C3000808000000000001F2020000080800000C5
:109C400000808000001F202020103F2080808000A6
:109C50000080808000010E300806010080800080B6
:109C6000008080800F300C030C300F0000808000DB
:109C7000808080000020312E0E3120008080800006
:109C80000080808080818E701806010000808080B6
:109C9000808080000021302C222130000000000054
:109CA000807C020200000000003F404000000000F5
:109CB000FF00000000000000FF0000000002027C26
:109CC000800000000040403F000000000080404055
:109CD0008000008000000000000101000000000082
:109CE00000000000002F0000000007000700001423
:109CF0007F147F1400242A7F2A1200231308646231
:109D000000364955225000000007000000001C22C8
:109D10004100000041221C000014083E0814000805
:109D2000083E0808000000A06000000808080808B5
:109D3000000060600000002010080402003E51494D
:109D4000453E0000427F40000042615149460021EB
:109D500041454B31001814127F1000274545453905
:109D6000003C4A4949300001710905030036494960
:109D7000493600064949291E000036360000000019
:109D80005636000000081422410000141414141464
:109D9000000041221408000201510906003E495505
:109DA000592E007C1211127C007F49494936003E31
:109DB00041414122007F4141221C007F49494941E4
:109DC000007F09090901003E4149497A007F0808DE
:109DD000087F0000417F4100002040413F01007F9B
:109DE00008142241007F40404040007F020C027F67
:109DF000007F0408107F003E4141413E007F090979
:109E00000906003E4151215E007F0919294600469E
:109E1000494949310001017F0101003F4040403F75
:109E2000001F2040201F003F4038403F00631408BF
:109E3000146300070870080700615149454300009A
:109E40007F414100000204081020000041417F00D2
:109E500000040201020400404040404000000102B2
:109E60000400002054545478007F4844443800389B
:109E70004444442000384444487F00385454541823
:109E800000087E0901020018A4A4A47C007F080435
:109E900004780000447D4000004080847D00007F05
:109EA000102844000000417F4000007C0418047822
:109EB000007C0804047800384444443800FC24241E
:109EC00024180018242418FC007C08040408004806
:109ED0005454542000043F444020003C4040207C27
:109EE000001C2040201C003C4030403C0044281016
:109EF0002844001CA0A0A07C004464544C440000F2
:109F0000087F41000000007F00000000417F080042
:109F10000008040810080000000000000000000015
:109F20000000000000000000000000000000000031
:109F3000000000000000000000000000000000F031
:109F4000F000000000000000000000770F0000009B
:109F5000000000000000001C1C00000000000000C9
:109F60008060301C8C60301C0C0000000000000081
:109F700000000000000000000000000000000000E1
:109F8000000000000000F000000000F0000000836E
:109F900083FF83838383FB87830000011F0101010B
:109FA00001011F010100000080C06020F820E0C016
:109FB0000000000003070C18FF71E18100000000A1
:109FC000070F12107F100F070000C0301030C000C4
:109FD00000C03000000007181018CF38C63110300C
:109FE000C000000018070000071810180700000044
:109FF000E0F010F0E00000000000C0E0173FF8C7FC
:10A000000308F8080800070F181010130F0E191096
:10A01000100C00008C4C3800000000000000000014
:10A020000000000000000000000000000000000030
:10A030000000000000000000000000008060100828
:10A0400004000000000000FE01000000000000000D
:10A0500000000000030C1020400000040810608085
:10A06000000000000000000000000001FE000000F1
:10A070000000004020100C03000000000000000061
:10A0800000000000C0800000000000666624381058
:10A09000FF183C246666000000000000030000007A
:10A0A0000000000000000000800000000000001020
:10A0B00010101010FF101010101000000000000011
:10A0C000030000000000000000000000000000008D
:10A0D0000000000000000000000000000000000080
:10A0E0008C4C380000000000000000000000000060
:10A0F00000000000000000101010101010101010D0
:10A10000100000000000000000000000000000003F
:10A11000000000000000000000000000000000003F
:10A1200000000000000000001C1C1C0000000000DB
:10A1300000000000000000000000E0380C000000FB
:10A14000000080701C03000000000060380E010059
:10A15000000000000000000080C060202060C0807F
:10A16000000000FEFF010000000001FFFE000001F2
:10A17000070E181010180E0701000000404040C0E4
:10A18000E000000000000000000000FFFF000000F1
:10A19000000000001010101F1F10101000000080A1
:10A1A000402020202060C08000000003030000C089
:10A1B00060301F07000000181C1211101010101E34
:10A1C000000000C0C020202060C08000000000010E
:10A1D00001001010182FE7800000000E0E10101064
:10A1E00010180F07000000000000000080E0E000F1
:10A1F000000000C0A098848380FFFF808080000062
:10A2000000000010101F1F1010000000E020202090
:10A2100020202020000000003F1008080818F0E06F
:10A22000000000070B101010101C0F0300000000AE
:10A2300080C040202020E0C0000000FCFF2110086A
:10A24000080818F0E0000001070C18101010080FA3
:10A2500003000000C0602020202020E060000000FB
:10A2600001000000E0180700000000000000001FCF
:10A270001F00000000000080C0602020202060C07F
:10A2800080000083CF6C1810303068CF8300000747
:10A290000F0810101010180F07000000C0C0202079
:10A2A0002020C0800000001F3F604040402010FF81
:10A2B000FE0000000C1C101010080F03000000002E
:10A2C0000000000000000000000000000000001C72
:10A2D0001C1C0000000000000000001C1C1C0000F2
:10A2E000000000000000000000000000000000006E
:10A2F0000000000C0C00000000000000000000D86E
:10A300003800000000000000000000000080402035
:10A31000100000001028448201000000000000002E
:10A32000000000000102040810000000000000000E
:10A3300000000000000000444444444444444444B9
:10A3400044000000000000000000000000000000C9
:10A35000102040800000000000000000000000000D
:10A3600001824428100000001008040201000000CF
:10A37000000000008040402020202060C0800000BD
:10A3800007060000E01018080F0700000000001C7E
:10A390001C1C000000000000C0E020109090A06095
:10A3A000800000FEFF00F8FF03FC07807F00000034
:10A3B000070E18111111090C020000000000806046
:10A3C000E00000000000000080784740415FF0801E
:10A3D0000000101C131000000000111F18100020B6
:10A3E000E0E020202060C0C000000000FFFF10104F
:10A3F00010182FE7800000101F1F10101010180FEA
:10A400000700000080C04020202060E0800000FCA9
:10A41000FF0100000000000003000001070E1810FB
:10A420001010080C03002020E0E020202040C08015
:10A4300000000000FFFF0000000001FFFE00101000
:10A440001F1F101010080E07010020E0E020202040
:10A4500020206060800000FFFF10101010FC000042
:10A460000100101F1F10101010101018060020E01F
:10A47000E020202020206060800000FFFF101010EE
:10A4800010FC00000100101F1F1010000000000051
:10A490000000000080C0602020204080000000FC00
:10A4A000FF0100004040C0C340400001070E1810EB
:10A4B00010100F0F000020E0E0200000000020E05E
:10A4C000E02000FFFF101010101010FFFF00101F01
:10A4D0001F1000000000101F1F100000202020E0AF
:10A4E000E020202000000000000000FFFF0000002E
:10A4F000000000001010101F1F10101000000000BE
:10A5000000202020E0E020202000000000000000CB
:10A51000FFFF000000000060E08080C07F3F00007F
:10A52000000020E0E0200000A0E06020000000FF2C
:10A53000FF300C3AE18000000000101F1F100000E7
:10A5400000131E18100020E0E02020000000000092
:10A55000000000FFFF000000000000000000101FCE
:10A560001F10101010101018060020E0E00000006E
:10A5700000C0E0E0200000FF0FFFE0807C03FFFF51
:10A580000000101F10000F0700101F1F10000020F8
:10A59000E0E08000002020E020200000FF01071EF6
:10A5A00078C000FF000010101F10100000030F1FE4
:10A5B0000000000080C060202060C080000000FE1D
:10A5C000FF010000000000FFFE000001070E181050
:10A5D00010180C07010020E0E0202020202040C0BF
:10A5E000800000FFFF2020202030101F0F00101FD0
:10A5F0001F101000000000000000000080C060205C
:10A600002060C080000000FEFF010000000000FF8D
:10A61000FE000001070E1911173C6C67210020E0B5
:10A62000E0202020202060C0800000FFFF101010DC
:10A6300070D0080F0700101F1F1000000001071E38
:10A6400018100080C0602020202040E0000000079B
:10A650000F1C18383070E0E1800000070C08101063
:10A660001010180F07008060202020E0E02020203C
:10A6700060800100000000FFFF00000000010000FA
:10A680000010101F1F10100000000020E0E020004C
:10A69000000020E020000000FFFF0000000000FF9D
:10A6A00000000000070F18101010080700002060BD
:10A6B000E02000000000A06020000000077EE00015
:10A6C00080780700000000000000071E0300000063
:10A6D000000020E020002060E0200020E0200003B7
:10A6E000FFC0C03C3FF0807C03000000001F03005F
:10A6F000001F07000000002060E020000020E02094
:10A70000200000000001877CE886010000000010A6
:10A710001816010000131E1810002060E020000031
:10A72000000020A060200000010F3CF8E0180601A6
:10A73000000000000010101F1F101000000000801B
:10A74000E06020202020A0E02000000100008060C8
:10A7500018060300000000101C171110101010182C
:10A7600006000000000000FC0404040400000000D7
:10A77000000000FF00000000000000000000007F5B
:10A78000404040400000000030C0000000000000D9
:10A790000000000000000718E0800000000000003A
:10A7A0000000000000030C7080000000040404049A
:10A7B000FC0000000000000000000000FF0000009E
:10A7C00000000000404040407F000000000000000A
:10A7D000000804020204080000000000000000005D
:10A7E0000000000000000000000000000000000069
:10A7F0000000000000000000000000000000000059
:10A800000000000000000000000080808080808048
:10A810008080808080800000000404080800000020
:10A820000000000000000000000000000000000028
:10A830000000000000000000000000000000000018
:10A840000000000000000000989884444444FCF894
:10A850000000000F1F19101010080F1F1018002003
:10A86000E0F000000000000000000000FFFF1808FA
:10A8700004040CF8F00000001F0F08101010180F4F
:10A88000030000000000000000000000000000E0E5
:10A89000F8180404043C3800000000030F0C1010EA
:10A8A0001010080600000000000000002020E0F06A
:10A8B000000000E0F81C04040408FFFF000000038F
:10A8C0000F18101010081F0F0800000000000000F3
:10A8D0000000000000000000E0F8888484848CF808
:10A8E000E0000000030F0C1010101008040000001E
:10A8F000000080C0602020E0C00000040404FFFFCE
:10A90000040404000000000010101F1F10101000AD
:10A910000000000000000000000000000000000037
:10A9200070F88C040CFCF40C0C0000707ECF858554
:10A930008DCD787800000020E0F0000000000000DD
:10A9400000000000FFFF08040404FCF800000010F1
:10A950001F1F100000101F1F1000000000000060EB
:10A960006000000000000000040404FCFE00000081
:10A97000000000001010101F1F1010100000000039
:10A98000000000006060600000000000000004049F
:10A9900004FCFE0000000000C0C08080C07F3F00BB
:10A9A00000000020E0F000000000000000000000B7
:10A9B000FFFF8040E01C0404000000101F1F100077
:10A9C00000131E1810000000202020E0F0000000FE
:10A9D00000000000000000FFFF0000000000000079
:10A9E0001010101F1F1010100000000000000000C9
:10A9F00000000000000004FCFC0804FCF80804FC53
:10AA0000FC00101F1F10101F1F10101F1F10000030
:10AA1000000000000000000000000004FCFC08042E
:10AA20000404FCF8000000101F1F100000101F1F7E
:10AA3000100000000000000000000000000000E026
:10AA4000F0180C04040C18F0E00000030F0C1010B8
:10AA500010100C0F030000000000000000000000B8
:10AA600000000004FCFC080404040CF8F000008062
:10AA7000FFFF889010101C0F030000000000000072
:10AA800000000000000000E0F81C04040408F8FCCA
:10AA9000000000030F1810109088FFFF80000000D6
:10AAA00000000000000000000000040404FCFC1092
:10AAB0000804041C18001010101F1F1010100000B4
:10AAC0000000000000000000000000000000000086
:10AAD0003878CCC484840C3C000000001E18101090
:10AAE00011191F0F00000000000000C0000000004E
:10AAF000000000040404FFFF040404000000000040
:10AB000000000F1F1010100C0000000000000000DB
:10AB10000000000000000004FCFE00000004FCFE39
:10AB2000000000000F1F181010081F0F0800000081
:10AB30000000000000000000000000040C7CC400C5
:10AB40000080740C040000000000031F0C030000D0
:10AB50000000000000000000000000000000041CD5
:10AB6000F48004ECFC8400E41C040000011F0F00CE
:10AB7000000F0F00000000000000000000000000B7
:10AB800000000000040C3CE4C0241C04040000107D
:10AB9000101C120101131C1810000000000000001E
:10ABA0000000000000000004043CC40000C43C0499
:10ABB00004000000C080817F0E0100000000000042
:10ABC0000000000000000000000000003C0404C47D
:10ABD000741C0C0000000000181E13111010180E39
:10ABE000000000000000000000F804040000000065
:10ABF0000000001028C70000000000000000000056
:10AC0000003F40400000000000000000FF00000086
:10AC10000000000000000000FF0000000000000035
:10AC200000000000FF000000000000000404F80025
:10AC300000000000000000000000C7281000000015
:10AC40000000000040403F00000000000000000C39
:10AC500002020204081810100C000000000000009E
:10AC600000000000000000000000000000000000E4
:10AC70000000A3AC00000000000000000000000085
:10AC80000000000000000058380000000000000034
:10AC90000000000000A1A300000000000000000070
:10ACA000000000000000000000001824241800002C
:10ACB0000000000000000000C4E300008060F8070E
:10ACC0004020180F08C80808281800010000FF00DD
:10ACD000100C0340807F0001061800BAC30010105A
:10ACE000F01F10F000808282E2928A86800040226B
:10ACF00015081661000040807F0000000000CAC0F7
:10AD000000202020FE2020FF202020FF20202020C7
:10AD1000000000007F40404744444447404040001A
:10AD200000BDE700000000FE929292FE929292FE19
:10AD30000000000008080484621E010001FE0204F5
:10AD400004080800B2CB00040444C44F4444C424A3
:10AD5000242FB42404040040442424150C04FE04CD
:10AD60000C152424444000B5A5000000F8494A4CC5
:10AD700048F8484C4A49F80000001010131212120B
:10AD800012FF1212121213101000C9E800404042C4
:10AD9000CC0040A09E8282829EA020200000000065
:10ADA0003F908840432C10284641808000D6C30045
:10ADB000001715D55557557D555755D51517000012
:10ADC0004040407F555555555555557F40404000B2
:10ADD000C8D500000000FE82828282828282FE004C
:10ADE000000000000000FF40404040404040FF00A5
:10ADF000000000C6DA000004FF242424FF0400FE43
:10AE0000222222FE000088482F090919AF48300F7E
:10AE10000242827F0000CAB10000FC848484FC00EE
:10AE20001010101010FF101000003F1010103F0005
:10AE300000010640807F000000BCE40000F801062D
:10AE400000F0121212F2020202FE000000FF0000E7
:10AE5000001F1111111F0040807F0000C4EA000094
:10AE60002018C744444444FC4444444404000004BF
:10AE700004040704040404FF04040404040400D4C8
:10AE8000C200000000FE2222222222222222FE00F4
:10AE900000008040300F02020202020242827F0064
:10AEA0000000C8D500000000FE8282828282828279
:10AEB000FE00000000000000FF40404040404040D5
:10AEC000FF00000000CAB10000FC848484FC001074
:10AED00010101010FF101000003F1010103F000065
:10AEE000010640807F000000B7D600804020908897
:10AEF00086808080838C1020408000008040201855
:10AF000007004080403F0000000000C3EB00242405
:10AF1000A4FE232200C03800FF00081060000806CD
:10AF200001FF01068180404027100C030000BFAAEA
:10AF30000080828282FE8282828282FE828282807F
:10AF400000008040300F0000000000FF0000000003
:10AF500000CABC001010F01F10F00040E05847403D
:10AF60005060C0004022150816210000FE424242F7
:10AF700042FE0000CDA3008060F807000474545521
:10AF8000565454740400000000FF00030105458579
:10AF90007D050505010300D6B900000000F00000A2
:10AFA00000FF40404040400000004040407F4040A3
:10AFB000407F4040404040404000C7E500106002F4
:10AFC0008C00445454547F54545444400004047E30
:10AFD000010000FF15151555957F000000B3FD0019
:10AFE00000FE225A8620102824E324281020200066
:10AFF00000FF040827110D41817F01050931000080
:10B00000B9C800001088844320100C1020418284AD
:10B01000080000010100FE42424242424242FE005C
:10B02000010100B8E80082BAAAAABA82BE8220183A
:10B030000FC808281800001E12125E807F00806072
:10B040001C031C608000D0A100000000E000000094
:10B05000FF00000020408000000804030000408042
:10B060007F0000000000010E00BFD6008082827EBB
:10B070004242807E122202FE0000C00040310000E9
:10B080003A4140445840407001093100C1FA001073
:10B0900010101010FF1010F0101116D010100080BA
:10B0A000402018064120103F4442414040780000B3
:10B0B0000000FF010101310909090989710101013C
:10B0C00001FFFF80808080808096818080808080EA
:10B0D00080FFFF01818181FD8991A1C1FD81818175
:10B0E00001FFFF808080809F888482819F80808094
:10B0F00080FF000080C0E0F080808080808080F849
:10B10000F800000103070F1F0303030303030303F6
:10B11000030000000000E0F0F0F0707070707070DC
:10B1200070707070707070707070F0F0F0E000000F
:10B13000000000000000FFFFFF0000000000000012
:10B140000000000000C0C0C0C0C0C0C3FBF3E0C02E
:10B15000800000000000FFFFFF0000000000000072
:10B160000000000000030303030303C3DFCF070352
:10B17000010000000000070F0F0F0E0E0E0E0E0E46
:10B180000E0E0E0E0E0E0E0E0E0E0F0F0F070000FF
:10B190000000000000000000000080808EDED3F17F
:10B1A000F9D9D9F9F1D3DF8E8080000000000000CA
:10B1B000000080E0F0381C0E0703010101000000D0
:10B1C00000FBFB000000000101010307060C3EFE2E
:10B1D000EC807FFFCC0C00000000000000000000AD
:10B1E000000F0F0C0C0C0C0C0C00000000000CCC21
:10B1F000FF7F000103070C1838306060C0C0F0F01A
:10B20000F0F0F0F0F0F0C0C060603030180C0F03C8
:10B21000010000000000000000000000000000002D
:10B220000080C07070E0409F1F00406070381000C8
:10B230000000000000000000000000000080C07C52
:10B24000FFC7860C183061C3870E9CF8F0660606AF
:10B250000606000000B0F8FC7E3F1F0E070381C009
:10B2600060311B0F06060607030303010000000000
:10B270000000001E3B73E1C06030180C06030100A3
:10B2800000000000000000000000000000000000BE
:10B2900000000000000000000000000000000000AE
:10B2A0000000000000808080808080808080C0C09E
:10B2B000C00000000C0C3C64C48686C64262622357
:10B2C000B3D35969293D1D1D0E0787C373190E039A
:10B2D000000000000000000000FFF8CC4E7263C1C7
:10B2E000010000000080C0701C0603000000000088
:10B2F000000000000000000000000100000000014C
:10B3000003060C1806030000000000000000000007
:10B310000000000000000000C040202060C08080CD
:10B3200000000000008080C060202040C0000000BD
:10B330000000000000F01603C0C0F8F8F8C0C0011B
:10B3400001030303010180C0F070F0C080031EF010
:10B3500080000000FF80000001010B8FCB612120E5
:10B360003030302030202143CF8E0F030100000306
:10B37000FF0000000003040C0C04060100000000A4
:10B380000000000000000000000106040C0C040393
:10B3900000000000000080C0C0C0C0C0C4CCF8F0F5
:10B3A000E0C0C0C0E0F0F8CCC4C0C0C0C0C0000065
:10B3B000000000000000FFFF010040C0606060600E
:10B3C000000000000060606060C0400003FFFF00FC
:10B3D000000000000000FFFF8000000000000010DF
:10B3E00010101810100000000000000080FFFF0087
:10B3F000000000000000010707060E1E1E0E0606D4
:10B40000060606060606060E1E1E060707030100B0
:10B4100000000000000000000080C0E0E07078380C
:10B4200038F83838787870E0C0C0C0C080000000BC
:10B430000000000000F0FC3E076319040202010056
:10B44000019F0000010002040931870FFFFEFC1874
:10B4500000000000003FFFF1C1992141810100007F
:10B4600000F10000000181C1211983E1FF7F0F007D
:10B47000000000000000000103070F0E1C1D19381A
:10B48000383F3838191D1C0C0E070303000000005C
:10B4900000000000000000000000000000000000AC
:10B4A000000000000000000000000000000000009C
:10B4B000000000000000000000000000000000008C
:10B4C000000000000000000000000000000000007C
:10B4D000000000000000000000000000000000006C
:10B4E000000000000000000000000000000000005C
:10B4F000000000000000000000000000000000004C
:10B50000000000000000000000000000000000003B
:10B5100000003E3F07030303030303030303030386
:10B52000000000000000000000000000000000001B
:10B530000303030303030303030303073F3E000066
:10B5400000000000000000000000000000000000FB
:10B5500000000000000000000000000000000000EB
:10B5600000000000000000000000000000000000DB
:10B5700000000000000000000000000000000000CB
:10B5800000000000000000000000000000000000BB
:10B5900000000000000000000000000000000000AB
:10B5A000000000000000000000000000000000009B
:10B5B000000000000000000000000000000000008B
:10B5C0000000C0C0000000000000000000000000FB
:10B5D000000000000000000000000000000000006B
:10B5E000000000000000000000000000C0C0070FC5
:10B5F0000E0C0C0C0C0C0C0C0C0C0C0C00000000B9
:10B600000000000000000000000000000C0C0C0C0A
:10B610000C0C0C0C0C0C0C0E0F0718181818181822
:10B6200018387838181818181818181C1C181818F2
:10B6300018181818181818183838383838383818AA
:10B640001818181818181818383838181C1E18190F
:10B65000181818181818181818181818181818186A
:10B66000181818181818183C381818181818181816
:10B6700018181818181818181818181838383C3EC0
:10B680003C383838181818181818181818181818B6
:10B69000181818181818181C3C1C181818181818FE
:10B6A00018181818181818181C3C1C1818181818EE
:10B6B000181818181818181818181838787818182A
:10B6C0001818181C1E1C18181818181818181818EC
:10B6D00018181818181818181818181818181818EA
:10B6E0001818181818181C181818181818181818D6
:10B6F00018181C1C1C1C1C181818181818181818B6
:10B700003838181818181818181818181C1E18186F
:10B71000181818181818181818180000C0C00000B9
:10B72000F0F8F0000000F0F00000C0C0CFDFD81843
:10B73000FFFFFF03C3C3C3C3C0C00000000000007D
:10B740000101010000000000000000000080C000B6
:10B75000800078E0C0FCFC008080808F0CFFFF033D
:10B760000100000001FFFF038181010100010100D0
:10B77000000000000001010001010000000000C005
:10B7800000FCF080E0000080C00004FEFF180C0107
:10B7900003FFFF0700061CFF01300001010000004D
:10B7A00000010100000000000000003030282C26BD
:10B7B0002223232226262C2C380000000000000023
:10B7C0000000F8FCF47C7C787000C0C70F1CFCFC07
:10B7D0003E7F7F5F0602C2C3C0C0000000000101BF
:10B7E0000100000000000000000000000000000058
:10B7F0000000F8FCF47C7C787000C0C70FDC7C7C17
:10B800003EFF3F1F0602C2C3C0C000000000000090
:10B810000001010100000000000000000000000025
:10B820000000F8FCF47C7C78700000070FFCFC3C06
:10B830003EFFFF1F0602020300000000000101019D
:10B8400000010101000000000000000000000000F5
:10B850000000000080E0783C0E00303030101818F6
:10B860000C0C0607030100000000000E3C78E0808D
:10B8700000000000000000000000000000000103C4
:10B8800007060C0C181810303030000000000000C3
:10B89000000000000000000000000000000003069F
:10B8A0001C3030202030181E1E3830202030101C54
:10B8B000060300000000000000000000000000007F
:10B8C000000000000000F808E8E8E8E8E8E8E8E838
:10B8D000E8E808F840C01F101717171717171717B1
:10B8E0001717101F04071F1C1F1E1F1E1F1F1E1FC0
:10B8F0001E1F0000000000004C5555555555A53F32
:10B900007751C1166CC156BF9015CB19A001FA3EF4
:10B91000AD529C804F7E92BEC4B1B4BD9EEE213E1E
:10B92000D43888BEE9FAA8BD00004054FB21F93F95
:10B930003163621A61B4D03D0000601A61B4D03D39
:10B940007370032E8A19A33B0000002E8A19A33BB3
:10B95000C14920259A837B390000000000000000C7
:10B960006E83F9A22915444ED15727FCC0DD34F56A
:10B97000999562DB4190433CAB6351FE61C5BBDEF0
:10B980003A6E24B7E0D24D42EA2E49061C92D10904
:10B990001CEB1DFE3EA729B1F53582E88444BB2E81
:10B9A00026709CE9417E5FB439D69139F4395383CE
:10B9B0008B5F849C3B28F9BDFF97F81F0F9805DE2D
:10B9C0008B112FEF1F6D0A5ACF7E366DB709CB272B
:10B9D000663F464F2DEA5F9EC7BA27757BF1E5EBC0
:10B9E000F739073DEA92528AB15FFB6B085D8D1F04
:10B9F000A6F810111111813FD561C119A0012ABF0C
:10BA00007DFEB157E31DC73EEB9C2B8AE6E55ABE8F
:10BA10007CD5CF5A3AD9E53D1F1D1F1E1F1E1F1F83
:10BA20001E1F1E1FDDDDDDDDDCBBBBDDDDDDDDDD85
:10BA3000DDDDDDDD98888888888888887777777766
:10BA40007788888885555556666666666666666632
:10BA500066688888833333322222222222222222DD
:10BA60002228888D41485432300000004D50553610
:10BA7000303530004C45440047414D450000000042
:10BA8000454D4F4A490000004241434B0000000031
:10BA90004C4556454C00000054494D4552000000AD
:10BAA0007B22736571223A256C752C2274656D704A
:10BAB00065726174757265223A257325642E25645A
:10BAC0002C2268756D6964697479223A25642E2583
:10BAD000642C22726F6C6C223A2573256C642E25BF
:10BAE00030326C642C227069746368223A257325A5
:10BAF0006C642E2530326C642C22796177223A25D1
:10BB000073256C642E2530326C642C22616874328B
:10BB1000305F76616C6964223A25647D0D0A00000D
:10BB200040BB00080000002080010000BC1200089B
:10BB300098BB0008800100203039000032670008FF
:10BB4000412D0102030404200B0607080902040624
:10BB500008EA073203320F3211323872281388BADA
:10BB60001B0898041A74041A6C041A78041A8004C6
:10BB70001A90041A6404C15A0104215B301009119F
:10BB80005A01080128ED6666663F33092D430169B5
:08BB9000021B041AAA010114B2
:04000005080000ED02
:00000001FF
